{
  "Tags": {
    "Zone4": []
  },
  "Stars": "Sky/Stars3.png",
  "Moons": [
    {
      "Day": 0,
      "Texture": "Sky/MoonCycle/Moon_Full.png"
    },
    {
      "Day": 1,
      "Texture": "Sky/MoonCycle/Moon_Gibbous.png"
    },
    {
      "Day": 2,
      "Texture": "Sky/MoonCycle/Moon_Half.png"
    },
    {
      "Day": 3,
      "Texture": "Sky/MoonCycle/Moon_Crescent.png"
    },
    {
      "Day": 4,
      "Texture": "Sky/MoonCycle/Moon_New.png"
    }
  ],
  "Clouds": [
    {
      "Texture": "Sky/Clouds/Scars.png",
      "Colors": [
        {
          "Hour": 5,
          "Color": "#0b07056b"
        },
        {
          "Hour": 7,
          "Color": "#3b33255e"
        },
        {
          "Hour": 9,
          "Color": "rgba(#f6d4ad, 0.702)"
        },
        {
          "Hour": 17,
          "Color": "#878970ff"
        },
        {
          "Hour": 19,
          "Color": "#45302a66"
        },
        {
          "Hour": 21,
          "Color": "#0b070586"
        }
      ],
      "Speeds": [
        {
          "Hour": 0,
          "Value": 0.8
        }
      ]
    },
    {
      "Texture": "Sky/Clouds/Fluffy_Highlights.png",
      "Colors": [
        {
          "Hour": 5,
          "Color": "#0b07056b"
        },
        {
          "Hour": 7,
          "Color": "#3b33255e"
        },
        {
          "Hour": 9,
          "Color": "rgba(#a7ad9c, 0.72)"
        },
        {
          "Hour": 17,
          "Color": "#878970ff"
        },
        {
          "Hour": 19,
          "Color": "#45302a66"
        },
        {
          "Hour": 21,
          "Color": "#0b070584"
        }
      ],
      "Speeds": [
        {
          "Hour": 0,
          "Value": 0.8
        }
      ]
    },
    {
      "Texture": "Sky/Clouds/Fluffy_Base.png",
      "Colors": [
        {
          "Hour": 9,
          "Color": "rgba(#332e2d, 0.327)"
        }
      ],
      "Speeds": [
        {
          "Hour": 0,
          "Value": 0.8
        },
        {
          "Hour": 1,
          "Value": 0.8
        },
        {
          "Hour": 2,
          "Value": 0.8
        },
        {
          "Hour": 3,
          "Value": 0.8
        },
        {
          "Hour": 4,
          "Value": 0.8
        },
        {
          "Hour": 5,
          "Value": 0.8
        },
        {
          "Hour": 6,
          "Value": 0.8
        },
        {
          "Hour": 7,
          "Value": 0.8
        },
        {
          "Hour": 8,
          "Value": 0.8
        },
        {
          "Hour": 9,
          "Value": 0.8
        },
        {
          "Hour": 10,
          "Value": 0.8
        },
        {
          "Hour": 11,
          "Value": 0.8
        },
        {
          "Hour": 12,
          "Value": 0.8
        },
        {
          "Hour": 13,
          "Value": 0.8
        },
        {
          "Hour": 14,
          "Value": 0.8
        },
        {
          "Hour": 15,
          "Value": 0.8
        },
        {
          "Hour": 16,
          "Value": 0.8
        },
        {
          "Hour": 17,
          "Value": 0.8
        },
        {
          "Hour": 18,
          "Value": 0.8
        },
        {
          "Hour": 19,
          "Value": 0.8
        },
        {
          "Hour": 20,
          "Value": 0.8
        },
        {
          "Hour": 21,
          "Value": 0.8
        },
        {
          "Hour": 22,
          "Value": 0.8
        },
        {
          "Hour": 23,
          "Value": 0.8
        }
      ]
    }
  ],
  "SkyTopColors": [
    {
      "Hour": 3,
      "Color": "#00000000"
    },
    {
      "Hour": 5,
      "Color": "#595764ff"
    },
    {
      "Hour": 7,
      "Color": "#8786a0ff"
    },
    {
      "Hour": 9,
      "Color": "#9f9fcaff"
    },
    {
      "Hour": 17,
      "Color": "#b3c5cdff"
    },
    {
      "Hour": 19,
      "Color": "#595764ff"
    }
  ],
  "SkySunsetColors": [
    {
      "Hour": 5,
      "Color": "#ff9c7dff"
    },
    {
      "Hour": 7,
      "Color": "#e8cca396"
    },
    {
      "Hour": 9,
      "Color": "#efff642e"
    },
    {
      "Hour": 17,
      "Color": "#f9ffa95c"
    },
    {
      "Hour": 19,
      "Color": "#ffa48dff"
    }
  ],
  "FogColors": [
    {
      "Hour": 5,
      "Color": "#594e49"
    },
    {
      "Hour": 7,
      "Color": "#ab9e86"
    },
    {
      "Hour": 9,
      "Color": "#958c7c"
    },
    {
      "Hour": 17,
      "Color": "#958c7c"
    },
    {
      "Hour": 19,
      "Color": "#594e49"
    }
  ],
  "FogDistance": [
    -96,
    1024
  ],
  "SunScales": [
    {
      "Hour": 0,
      "Value": 0.3
    },
    {
      "Hour": 1,
      "Value": 0.3
    },
    {
      "Hour": 2,
      "Value": 0.3
    },
    {
      "Hour": 3,
      "Value": 0.3
    },
    {
      "Hour": 4,
      "Value": 0.3
    },
    {
      "Hour": 5,
      "Value": 0.3
    },
    {
      "Hour": 6,
      "Value": 0.3
    },
    {
      "Hour": 7,
      "Value": 0.3
    },
    {
      "Hour": 8,
      "Value": 0.3
    },
    {
      "Hour": 9,
      "Value": 0.3
    },
    {
      "Hour": 10,
      "Value": 0.3
    },
    {
      "Hour": 11,
      "Value": 0.3
    },
    {
      "Hour": 12,
      "Value": 0.3
    },
    {
      "Hour": 13,
      "Value": 0.3
    },
    {
      "Hour": 14,
      "Value": 0.3
    },
    {
      "Hour": 15,
      "Value": 0.3
    },
    {
      "Hour": 16,
      "Value": 0.3
    },
    {
      "Hour": 17,
      "Value": 0.3
    },
    {
      "Hour": 18,
      "Value": 0.3
    },
    {
      "Hour": 19,
      "Value": 0.3
    },
    {
      "Hour": 20,
      "Value": 0.3
    },
    {
      "Hour": 21,
      "Value": 0.3
    },
    {
      "Hour": 22,
      "Value": 0.3
    },
    {
      "Hour": 23,
      "Value": 0.3
    }
  ],
  "MoonScales": [
    {
      "Hour": 0,
      "Value": 1.2
    },
    {
      "Hour": 1,
      "Value": 1.2
    },
    {
      "Hour": 2,
      "Value": 1.2
    },
    {
      "Hour": 3,
      "Value": 1.2
    },
    {
      "Hour": 4,
      "Value": 1.2
    },
    {
      "Hour": 5,
      "Value": 1.2
    },
    {
      "Hour": 6,
      "Value": 1.2
    },
    {
      "Hour": 7,
      "Value": 1.2
    },
    {
      "Hour": 8,
      "Value": 1.2
    },
    {
      "Hour": 9,
      "Value": 1.2
    },
    {
      "Hour": 10,
      "Value": 1.2
    },
    {
      "Hour": 11,
      "Value": 1.2
    },
    {
      "Hour": 12,
      "Value": 1.2
    },
    {
      "Hour": 13,
      "Value": 1.2
    },
    {
      "Hour": 14,
      "Value": 1.2
    },
    {
      "Hour": 15,
      "Value": 1.2
    },
    {
      "Hour": 16,
      "Value": 1.2
    },
    {
      "Hour": 17,
      "Value": 1.2
    },
    {
      "Hour": 18,
      "Value": 1.2
    },
    {
      "Hour": 19,
      "Value": 1.2
    },
    {
      "Hour": 20,
      "Value": 1.2
    },
    {
      "Hour": 21,
      "Value": 1.2
    },
    {
      "Hour": 22,
      "Value": 1.2
    },
    {
      "Hour": 23,
      "Value": 1.2
    }
  ],
  "FogHeightFalloffs": [
    {
      "Hour": 0,
      "Value": 4
    },
    {
      "Hour": 1,
      "Value": 4
    },
    {
      "Hour": 2,
      "Value": 4
    },
    {
      "Hour": 3,
      "Value": 4
    },
    {
      "Hour": 4,
      "Value": 4
    },
    {
      "Hour": 5,
      "Value": 4
    },
    {
      "Hour": 6,
      "Value": 4
    },
    {
      "Hour": 7,
      "Value": 4
    },
    {
      "Hour": 8,
      "Value": 4
    },
    {
      "Hour": 9,
      "Value": 4
    },
    {
      "Hour": 10,
      "Value": 4
    },
    {
      "Hour": 11,
      "Value": 4
    },
    {
      "Hour": 12,
      "Value": 4
    },
    {
      "Hour": 13,
      "Value": 4
    },
    {
      "Hour": 14,
      "Value": 4
    },
    {
      "Hour": 15,
      "Value": 4
    },
    {
      "Hour": 16,
      "Value": 4
    },
    {
      "Hour": 17,
      "Value": 4
    },
    {
      "Hour": 18,
      "Value": 4
    },
    {
      "Hour": 19,
      "Value": 4
    },
    {
      "Hour": 20,
      "Value": 4
    },
    {
      "Hour": 21,
      "Value": 4
    },
    {
      "Hour": 22,
      "Value": 4
    },
    {
      "Hour": 23,
      "Value": 4
    }
  ],
  "FogDensities": [
    {
      "Hour": 0,
      "Value": 0.1
    },
    {
      "Hour": 1,
      "Value": 0.1
    },
    {
      "Hour": 2,
      "Value": 0.1
    },
    {
      "Hour": 3,
      "Value": 0.1
    },
    {
      "Hour": 4,
      "Value": 0.1
    },
    {
      "Hour": 5,
      "Value": 0.1
    },
    {
      "Hour": 6,
      "Value": 0.1
    },
    {
      "Hour": 7,
      "Value": 0.1
    },
    {
      "Hour": 8,
      "Value": 0.1
    },
    {
      "Hour": 9,
      "Value": 0.1
    },
    {
      "Hour": 10,
      "Value": 0.1
    },
    {
      "Hour": 11,
      "Value": 0.1
    },
    {
      "Hour": 12,
      "Value": 0.1
    },
    {
      "Hour": 13,
      "Value": 0.1
    },
    {
      "Hour": 14,
      "Value": 0.1
    },
    {
      "Hour": 15,
      "Value": 0.1
    },
    {
      "Hour": 16,
      "Value": 0.1
    },
    {
      "Hour": 17,
      "Value": 0.1
    },
    {
      "Hour": 18,
      "Value": 0.1
    },
    {
      "Hour": 19,
      "Value": 0.1
    },
    {
      "Hour": 20,
      "Value": 0.1
    },
    {
      "Hour": 21,
      "Value": 0.1
    },
    {
      "Hour": 22,
      "Value": 0.1
    },
    {
      "Hour": 23,
      "Value": 0.1
    }
  ],
  "MoonGlowColors": [
    {
      "Hour": 0,
      "Color": "rgba(#a57347, 0.368)"
    }
  ],
  "MoonColors": [
    {
      "Hour": 0,
      "Color": "rgba(#6f451d, 1)"
    }
  ]
}
