{
  "TranslationProperties": {
    "Name": "server.items.Furniture_Village_Table.name"
  },
  "Icon": "Icons/ItemsGenerated/MetalGrate.png",
  "Categories": [
    "Blocks.Rocks"
  ],
  "Interactions": {
    "Primary": "Block_Primary",
    "Secondary": "Block_Secondary"
  },
  "IconProperties": {
    "Scale": 0.32,
    "Rotation": [
      22.5,
      45,
      22.5
    ],
    "Translation": [
      -22,
      -20
    ]
  },
  "Scale": 0.6,
  "BlockType": {
    "Material": "Solid",
    "DrawType": "Model",
    "Opacity": "Cutout",
    "CustomModel": "Blocks/Metal/grate.blockymodel",
    "CustomModelTexture": [
      {
        "Weight": 1,
        "Texture": "BlockTextures/MetalGrate.png"
      }
    ],
    "Group": "Wood",
    "Gathering": {
      "Breaking": {
        "GatherType": "Rocks"
      }
    },
    "BlockParticleSetId": "Wood",
    "ParticleColor": "#5b3222",
    "BlockSoundSetId": "Wood",
    "VariantRotation": "NESW",
    "HitboxType": "Table",
    "Supporting": {
      "Up": [
        {}
      ]
    }
  }
}
