{
	"$NodeId":	"Biome-473964c7-05ce-4d8b-89d8-8cdec567a859",
	"Terrain":	{
		"$NodeId":	"Terrain-41309122-fbf2-4b4a-83bf-200e91e607f1",
		"Type":	"DAOTerrain",
		"Density":	{
			"$NodeId":	"Exported.Density-9d28ac6e-54a4-4f8c-afac-8c99fb2e9c29",
			"Type":	"Exported",
			"ExportAs":	"",
			"SingleInstance":	false,
			"Skip":	false,
			"Inputs":	[{
					"$NodeId":	"Cache.Density-52dd6d32-cdb4-496b-ab4d-1dd7c4b19401",
					"Type":	"Cache",
					"Skip":	false,
					"Capacity":	3,
					"Inputs":	[{
							"$NodeId":	"MaxDensityNode-baa3b9f1-4645-4c6c-85b7-431c9f729191",
							"Type":	"Max",
							"Skip":	false,
							"Inputs":	[{
									"$NodeId":	"SumDensityNode-9edc253a-e430-4644-966c-a1a00ba25de0",
									"Type":	"Sum",
									"Skip":	false,
									"Inputs":	[{
											"$NodeId":	"MaxDensityNode-180410ab-51b0-4853-88e6-1201efb0ac07",
											"Type":	"Max",
											"Skip":	false,
											"Inputs":	[{
													"$NodeId":	"Exported.Density-3bb5b834-e7a2-4998-b966-6eba64a7a3b4",
													"Type":	"Exported",
													"ExportAs":	"Bridge",
													"SingleInstance":	true,
													"Skip":	false,
													"Inputs":	[{
															"$NodeId":	"Cache.Density-63833ddb-1df1-412d-b803-94ba5729c446",
															"Type":	"Cache",
															"Skip":	false,
															"Capacity":	3,
															"Inputs":	[{
																	"$NodeId":	"CurveMapper.Density-50fa73fd-0082-4832-a805-7f28882658e5",
																	"Type":	"CurveMapper",
																	"Skip":	false,
																	"Curve":	{
																		"$NodeId":	"ManualCurve-37016a9b-70ec-4261-a29e-1e7a0d5384e5",
																		"Type":	"Manual",
																		"Points":	[{
																				"$NodeId":	"CurvePoint-d2635093-1abd-4a2d-8eca-70ff172e7f9e",
																				"In":	11,
																				"Out":	5
																			}, {
																				"$NodeId":	"CurvePoint-7af5cf8f-a500-4dfc-bd56-0f3ab1fb81c8",
																				"In":	14,
																				"Out":	-1
																			}]
																	},
																	"Inputs":	[{
																			"$NodeId":	"AbsDensityNode-9bc283b0-68fe-44ae-8f9b-b2c25863d0ec",
																			"Type":	"Abs",
																			"Skip":	false,
																			"Inputs":	[{
																					"$NodeId":	"XValue.Density-91bc0eac-87a0-48c1-9800-d2fd5e420a24",
																					"Type":	"XValue",
																					"Skip":	false
																				}]
																		}]
																}]
														}]
												}, {
													"$NodeId":	"Rotator.Density-87dd1447-a936-4061-82f5-d9fbabbaf067",
													"Type":	"Rotator",
													"Skip":	false,
													"SpinAngle":	90,
													"NewYAxis":	{
														"$NodeId":	"Point3D-1e53c296-63ba-485f-bb81-95d5f838a602",
														"X":	0,
														"Y":	1,
														"Z":	0
													},
													"Inputs":	[{
															"$NodeId":	"ImportedDensityNode-b69c97ef-6197-4b29-ab72-0147552ef72b",
															"Type":	"Imported",
															"Skip":	false,
															"Name":	"Bridge"
														}]
												}, {
													"$NodeId":	"Rotator.Density-f13c1112-20e2-4d42-95ca-f5a89e486887",
													"Type":	"Rotator",
													"Skip":	false,
													"SpinAngle":	45,
													"NewYAxis":	{
														"$NodeId":	"Point3D-941dd546-8696-47c0-9c40-f551f38d1b5f",
														"X":	0,
														"Y":	1,
														"Z":	0
													},
													"Inputs":	[{
															"$NodeId":	"ImportedDensityNode-2e4fb09a-735f-4770-b6b3-021a446a93ec",
															"Type":	"Imported",
															"Skip":	false,
															"Name":	"Bridge"
														}]
												}, {
													"$NodeId":	"Rotator.Density-7ff2e84f-6979-4592-a3b9-1f757e6b3eb5",
													"Type":	"Rotator",
													"Skip":	false,
													"SpinAngle":	-45,
													"NewYAxis":	{
														"$NodeId":	"Point3D-f7b7fad3-8f9b-4fc9-b3f6-dd77ba9d4819",
														"X":	0,
														"Y":	1,
														"Z":	0
													},
													"Inputs":	[{
															"$NodeId":	"ImportedDensityNode-0d43b0ff-c4dd-4af4-9e20-0c49eaf30287",
															"Type":	"Imported",
															"Skip":	false,
															"Name":	"Bridge"
														}]
												}, {
													"$NodeId":	"Rotator.Density-12115941-310a-4c89-89ce-d25f049d96fe",
													"Type":	"Rotator",
													"Skip":	false,
													"SpinAngle":	-22.5,
													"NewYAxis":	{
														"$NodeId":	"Point3D-631ff90c-28ec-4f08-9fee-aeb8bb880c37",
														"X":	0,
														"Y":	1,
														"Z":	0
													},
													"Inputs":	[{
															"$NodeId":	"ImportedDensityNode-bdccdf2e-be80-4a1d-912a-dc7f9e726bae",
															"Type":	"Imported",
															"Skip":	false,
															"Name":	"Bridge"
														}]
												}, {
													"$NodeId":	"Rotator.Density-4f6cce05-b7cf-4131-9512-26a507a274d5",
													"Type":	"Rotator",
													"Skip":	false,
													"SpinAngle":	22.5,
													"NewYAxis":	{
														"$NodeId":	"Point3D-5da49729-6e07-40b1-8dfe-2229f41c8794",
														"X":	0,
														"Y":	1,
														"Z":	0
													},
													"Inputs":	[{
															"$NodeId":	"ImportedDensityNode-320918b2-88cd-4a17-9438-cabddc447143",
															"Type":	"Imported",
															"Skip":	false,
															"Name":	"Bridge"
														}]
												}, {
													"$NodeId":	"Rotator.Density-6ddbf0cf-72aa-49b4-9f8d-3decf2226625",
													"Type":	"Rotator",
													"Skip":	false,
													"SpinAngle":	-112.5,
													"NewYAxis":	{
														"$NodeId":	"Point3D-27c489b0-f419-4147-b271-008ecca919f8",
														"X":	0,
														"Y":	1,
														"Z":	0
													},
													"Inputs":	[{
															"$NodeId":	"ImportedDensityNode-59cc895a-c588-44d7-8af5-60d427f9b5f3",
															"Type":	"Imported",
															"Skip":	false,
															"Name":	"Bridge"
														}]
												}, {
													"$NodeId":	"Rotator.Density-4be082e4-8148-4438-a7a2-47064fceb8c6",
													"Type":	"Rotator",
													"Skip":	false,
													"SpinAngle":	112.5,
													"NewYAxis":	{
														"$NodeId":	"Point3D-07095f85-461e-4317-af16-39d44564339e",
														"X":	0,
														"Y":	1,
														"Z":	0
													},
													"Inputs":	[{
															"$NodeId":	"ImportedDensityNode-1edade32-f382-4cc9-93ae-22ab4ef19431",
															"Type":	"Imported",
															"Skip":	false,
															"Name":	"Bridge"
														}]
												}]
										}, {
											"$NodeId":	"CurveMapper.Density-1d25764e-7f31-429b-acd7-908986c36e66",
											"Type":	"CurveMapper",
											"Skip":	false,
											"Curve":	{
												"$NodeId":	"ManualCurve-ca999e3d-45d5-49bf-a782-6b9bdce1955d",
												"Type":	"Manual",
												"Points":	[{
														"$NodeId":	"CurvePoint-0e0447c2-0a35-4eca-baae-b1c35c75aaf5",
														"In":	220,
														"Out":	-5
													}, {
														"$NodeId":	"CurvePoint-8a912da1-71ea-4329-a641-998f15fd1b2b",
														"In":	230,
														"Out":	1
													}, {
														"$NodeId":	"CurvePoint-fab38421-b417-4f69-97a2-04a1bbc1719a",
														"In":	249,
														"Out":	1
													}, {
														"$NodeId":	"CurvePoint-b1ef7c5a-aa70-4c77-b6c1-a0e13313eb81",
														"In":	250,
														"Out":	-5
													}]
											},
											"Inputs":	[{
													"$NodeId":	"YValue.Density-a00f0eb7-306f-4e92-8bf5-eb76730a9913",
													"Type":	"YValue",
													"Skip":	false
												}]
										}]
								}, {
									"$NodeId":	"SumDensityNode-b43acf04-25b2-48f2-b456-907ad54b6c91",
									"Type":	"Sum",
									"Skip":	false,
									"Inputs":	[{
											"$NodeId":	"YOverride.Density-52d24c39-b7e0-4f4f-9e30-2c40a4e1d073",
											"Type":	"YOverride",
											"Skip":	false,
											"Value":	0,
											"Inputs":	[{
													"$NodeId":	"Distance.Density-3e3c6c98-2256-4f9f-8acb-e602a52aaab9",
													"Type":	"Distance",
													"Skip":	false,
													"Curve":	{
														"$NodeId":	"ManualCurve-6530560b-f65f-4f0d-a220-77190e0949a8",
														"Type":	"Manual",
														"Points":	[{
																"$NodeId":	"CurvePoint-2aabdcaf-f908-46b6-b211-df1c103002be",
																"In":	430,
																"Out":	0
															}, {
																"$NodeId":	"CurvePoint-88a5d8f2-bd95-4205-b785-453aa1baf4b0",
																"In":	445,
																"Out":	5
															}, {
																"$NodeId":	"CurvePoint-16534030-845d-4333-9c38-08699486882b",
																"In":	465,
																"Out":	10
															}, {
																"$NodeId":	"CurvePoint-cd3b5fd1-eaf2-4715-b79c-f52b5a304bf6",
																"In":	485,
																"Out":	5
															}, {
																"$NodeId":	"CurvePoint-993f52ac-24ec-462d-867b-471f8dd615ed",
																"In":	490,
																"Out":	0
															}]
													}
												}]
										}, {
											"$NodeId":	"CurveMapper.Density-5f1469f3-ed02-4b20-bdc6-681986a27b22",
											"Type":	"CurveMapper",
											"Skip":	false,
											"Curve":	{
												"$NodeId":	"ManualCurve-a3f2e180-ad31-4054-b2fc-17f7079b761f",
												"Type":	"Manual",
												"Points":	[{
														"$NodeId":	"CurvePoint-ef9c5b5c-0a0a-4a2a-871a-4391052ee2fa",
														"In":	150,
														"Out":	0
													}, {
														"$NodeId":	"CurvePoint-b702e8db-4685-42da-9624-23a01395801a",
														"In":	250,
														"Out":	-1
													}, {
														"$NodeId":	"CurvePoint-5a370532-70ca-41d7-a665-e4b74fb56436",
														"In":	260,
														"Out":	-5
													}, {
														"$NodeId":	"CurvePoint-06b30601-5b65-4c03-b34d-05636946ac32",
														"In":	310,
														"Out":	-6
													}, {
														"$NodeId":	"CurvePoint-24cf9256-640f-46a1-aa8e-825ccd3a6c18",
														"In":	320,
														"Out":	-15
													}]
											},
											"Inputs":	[{
													"$NodeId":	"YValue.Density-1a40c26b-ba27-49bd-b6fa-94968c12d47a",
													"Type":	"YValue",
													"Skip":	false
												}]
										}]
								}, {
									"$NodeId":	"Mix.Density-273af3d0-264c-4440-8421-be0770e03dc0",
									"Type":	"Mix",
									"Skip":	false,
									"Inputs":	[{
											"$NodeId":	"ConstantDensityNode-7c2a1520-71c4-4375-92eb-d1ba5fa26922",
											"Type":	"Constant",
											"Skip":	false,
											"Value":	0
										}, {
											"$NodeId":	"MaxDensityNode-f1cf77c2-7773-4a22-a428-594f9ddfffa0",
											"Type":	"Max",
											"Skip":	false,
											"Inputs":	[{
													"$NodeId":	"SumDensityNode-31c8cc44-4a74-4ede-9c40-8e773fd5854c",
													"Type":	"Sum",
													"Skip":	false,
													"Inputs":	[{
															"$NodeId":	"ConstantDensityNode-a47602a0-4c52-41df-8221-f9e4ebfde176",
															"Type":	"Constant",
															"Skip":	false,
															"Value":	-80
														}, {
															"$NodeId":	"MultiplierDensityNode-b535c8a6-3a9f-44e1-9315-d56190591f27",
															"Type":	"Multiplier",
															"Skip":	false,
															"Inputs":	[{
																	"$NodeId":	"ConstantDensityNode-5db984b3-26ac-42bd-99b6-f7b94ced0c50",
																	"Type":	"Constant",
																	"Skip":	false,
																	"Value":	390
																}, {
																	"$NodeId":	"CellNoise2DDensityNode-81802ab5-1e56-4a9e-8029-4bb36ef3a5c4",
																	"Type":	"CellNoise2D",
																	"Skip":	false,
																	"ScaleX":	48,
																	"ScaleZ":	48,
																	"Jitter":	0.1,
																	"CellType":	"CellValue",
																	"Octaves":	1,
																	"Seed":	"A"
																}]
														}, {
															"$NodeId":	"InverterDensityNode-f2f11444-afed-41ec-891d-1fe9565f7175",
															"Type":	"Inverter",
															"Skip":	false,
															"Inputs":	[{
																	"$NodeId":	"YValue.Density-dedfd325-13bd-4688-96de-cc58945f95bd",
																	"Type":	"YValue",
																	"Skip":	false
																}]
														}]
												}, {
													"$NodeId":	"Exported.Density-a1d0879b-998f-425c-a339-3eaa883f7ff3",
													"Type":	"Exported",
													"ExportAs":	"Tubes",
													"SingleInstance":	false,
													"Skip":	false,
													"Inputs":	[{
															"$NodeId":	"Cache.Density-2ddf5891-91d5-4603-bee5-920d89563cf9",
															"Type":	"Cache",
															"Skip":	false,
															"Capacity":	3,
															"Inputs":	[{
																	"$NodeId":	"SumDensityNode-b16f1d9e-298d-4da2-bd77-f34d2179df11",
																	"Type":	"Sum",
																	"Skip":	false,
																	"Inputs":	[{
																			"$NodeId":	"ConstantDensityNode-0dc355f1-4b17-4327-913d-f40ea7c7e459",
																			"Type":	"Constant",
																			"Skip":	false,
																			"Value":	1
																		}, {
																			"$NodeId":	"CellNoise2DDensityNode-a06d6b38-ad51-4165-b251-91d1af7d877f",
																			"Type":	"CellNoise2D",
																			"Skip":	false,
																			"ScaleX":	80,
																			"ScaleZ":	80,
																			"Jitter":	0,
																			"CellType":	"Distance2Div",
																			"Octaves":	1,
																			"Seed":	"A"
																		}, {
																			"$NodeId":	"CurveMapper.Density-dc7a382e-b562-4cd4-9295-129a489726ef",
																			"Type":	"CurveMapper",
																			"ExportAs":	"tubedetail",
																			"Skip":	false,
																			"Curve":	{
																				"$NodeId":	"ManualCurve-430214bb-94ec-4ea1-8f63-5c55e2e005ec",
																				"Type":	"Manual",
																				"Points":	[{
																						"$NodeId":	"CurvePoint-fb141f87-e2db-43fc-bef5-1190aa707d16",
																						"In":	0,
																						"Out":	0.1
																					}, {
																						"$NodeId":	"CurvePoint-4ba9b9a8-5f57-4ad9-b7f9-d24400697a27",
																						"In":	-0.1,
																						"Out":	0
																					}, {
																						"$NodeId":	"CurvePoint-0ee90a03-ee8f-41b5-9fd3-33f39e663f03",
																						"In":	-1,
																						"Out":	0
																					}]
																			},
																			"Inputs":	[{
																					"$NodeId":	"CellNoise2DDensityNode-0ffcffd4-c0d3-45b2-847a-38e2b459dc3e",
																					"Type":	"CellNoise2D",
																					"Skip":	false,
																					"ScaleX":	10,
																					"ScaleZ":	10,
																					"Jitter":	0,
																					"CellType":	"Distance2Div",
																					"Octaves":	1,
																					"Seed":	"A"
																				}]
																		}, {
																			"$NodeId":	"CurveMapper.Density-c4365801-88c8-4521-b205-8c36641a971c",
																			"Type":	"CurveMapper",
																			"Skip":	false,
																			"Curve":	{
																				"$NodeId":	"ManualCurve-1fd44e02-4988-40b7-9c95-666e13718b43",
																				"Type":	"Manual",
																				"Points":	[{
																						"$NodeId":	"CurvePoint-3d5aac92-703b-4335-9e5f-ba59d0838409",
																						"In":	130,
																						"Out":	-1.5
																					}, {
																						"$NodeId":	"CurvePoint-94a256b8-74ed-45f4-b1b9-e18240a59c4a",
																						"In":	145,
																						"Out":	-0.83
																					}, {
																						"$NodeId":	"CurvePoint-49f5fc65-cff2-4ca5-8f36-0cbbe19f9a8f",
																						"In":	160,
																						"Out":	-1.5
																					}]
																			},
																			"Inputs":	[{
																					"$NodeId":	"YValue.Density-8fd02c32-558a-41f6-9a8c-bd86d4fd4333",
																					"Type":	"YValue",
																					"Skip":	false
																				}]
																		}]
																}]
														}]
												}]
										}, {
											"$NodeId":	"YOverride.Density-d233101c-f473-4e72-987c-1a593a735547",
											"Type":	"YOverride",
											"Skip":	false,
											"Value":	0,
											"Inputs":	[{
													"$NodeId":	"Distance.Density-43185e1b-cd24-4510-9e4c-b8f15c59a295",
													"Type":	"Distance",
													"Skip":	false,
													"Curve":	{
														"$NodeId":	"ManualCurve-07dd8ed0-10bb-4710-98f9-67114c06baeb",
														"Type":	"Manual",
														"Points":	[{
																"$NodeId":	"CurvePoint-c3d353b8-73b2-476d-bace-d30dddb6d42d",
																"In":	0,
																"Out":	0
															}, {
																"$NodeId":	"CurvePoint-c2b70e9c-6706-4d61-99bd-f3890edc4840",
																"In":	1400,
																"Out":	0
															}, {
																"$NodeId":	"CurvePoint-7acbe57a-8a78-40b2-87a7-1f2eb75bcfad",
																"In":	1410,
																"Out":	1
															}]
													}
												}]
										}]
								}, {
									"$NodeId":	"SumDensityNode-ddd3e772-f6db-4a93-b97c-87973e1a2907",
									"Type":	"Sum",
									"Skip":	false,
									"Inputs":	[{
											"$NodeId":	"MultiplierDensityNode-182ad43b-6c05-40ad-ac0b-df2339ce893f",
											"Type":	"Multiplier",
											"Skip":	false,
											"Inputs":	[{
													"$NodeId":	"CurveMapper.Density-8f2b8a20-8d1f-4dc6-8720-34946ac00953",
													"Type":	"CurveMapper",
													"Skip":	false,
													"Curve":	{
														"$NodeId":	"ManualCurve-0ea728c8-bec9-45af-b92a-ac4d8944df12",
														"Type":	"Manual",
														"Points":	[{
																"$NodeId":	"CurvePoint-c5ad2512-48a3-4848-aaf0-27ae189b371d",
																"In":	0,
																"Out":	0
															}, {
																"$NodeId":	"CurvePoint-2491091f-bc87-4fec-8261-ec26d727d591",
																"In":	0.8,
																"Out":	0
															}, {
																"$NodeId":	"CurvePoint-ebf6f701-b4cc-41dc-8b4f-6dc120ba8fc5",
																"In":	1,
																"Out":	1
															}]
													},
													"Inputs":	[{
															"$NodeId":	"CellNoise2DDensityNode-9799c350-8415-4f5a-8954-764ee54dfcdd",
															"Type":	"CellNoise2D",
															"Skip":	false,
															"ScaleX":	17,
															"ScaleZ":	17,
															"Jitter":	0,
															"CellType":	"CellValue",
															"Octaves":	1,
															"Seed":	"A"
														}]
												}, {
													"$NodeId":	"ConstantDensityNode-e6153405-861a-454c-910e-d2358f09db40",
													"Type":	"Constant",
													"Skip":	false,
													"Value":	320
												}]
										}, {
											"$NodeId":	"InverterDensityNode-a7eaa5e0-1c9f-490a-8b66-2cfd9e916192",
											"Type":	"Inverter",
											"Skip":	false,
											"Inputs":	[{
													"$NodeId":	"YValue.Density-ac36176f-f187-4bb3-880a-545e270985d8",
													"Type":	"YValue",
													"Skip":	false
												}]
										}]
								}, {
									"$NodeId":	"Exported.Density-c5d01176-4ea5-44c3-958a-f7a7f6fef4eb",
									"Type":	"Exported",
									"ExportAs":	"Capacitors",
									"SingleInstance":	true,
									"Skip":	false,
									"Inputs":	[{
											"$NodeId":	"Cache.Density-7af67b8e-cd67-4219-bda8-5e0d86ed935b",
											"Type":	"Cache",
											"Skip":	false,
											"Capacity":	3,
											"Inputs":	[{
													"$NodeId":	"Mix.Density-90c9b762-859e-46f1-a9d0-dea7f5ebdea2",
													"Type":	"Mix",
													"Skip":	false,
													"Inputs":	[{
															"$NodeId":	"ConstantDensityNode-d6f9e911-a12b-497f-bd2a-a99fe48a8220",
															"Type":	"Constant",
															"Skip":	false,
															"Value":	-1
														}, {
															"$NodeId":	"MaxDensityNode-b8f4472a-5bfa-4391-b82a-c639972e6d77",
															"Type":	"Max",
															"Skip":	false,
															"Inputs":	[{
																	"$NodeId":	"SumDensityNode-311e8bcb-710f-4b85-bd9a-6a624cb8db8d",
																	"Type":	"Sum",
																	"Skip":	false,
																	"Inputs":	[{
																			"$NodeId":	"ConstantDensityNode-0a709cd4-9efc-4d2c-8067-279476c0f94b",
																			"Type":	"Constant",
																			"Skip":	false,
																			"Value":	-0.8
																		}, {
																			"$NodeId":	"InverterDensityNode-149ebe40-407c-4f5c-b333-5ab5e1fd139e",
																			"Type":	"Inverter",
																			"Skip":	false,
																			"Inputs":	[{
																					"$NodeId":	"Exported.Density-f3912bca-4385-4cea-a7e1-1c997be9a4bb",
																					"Type":	"Exported",
																					"ExportAs":	"CapacitorCellular",
																					"SingleInstance":	true,
																					"Skip":	false,
																					"Inputs":	[{
																							"$NodeId":	"Cache.Density-aeffe057-0b41-4773-b122-2dd3e764fcf8",
																							"Type":	"Cache",
																							"Skip":	false,
																							"Capacity":	3,
																							"Inputs":	[{
																									"$NodeId":	"CellNoise2DDensityNode-5daf8a77-c0b4-405a-85f3-b72886ea6d92",
																									"Type":	"CellNoise2D",
																									"Skip":	false,
																									"ScaleX":	120,
																									"ScaleZ":	120,
																									"Jitter":	0.3,
																									"CellType":	"Distance",
																									"Octaves":	1,
																									"Seed":	"A"
																								}]
																						}]
																				}]
																		}, {
																			"$NodeId":	"NormalizerDensityNode-9865d8f1-372c-428b-ba81-ab9d2bc0dada",
																			"Type":	"Normalizer",
																			"Skip":	false,
																			"FromMin":	-1,
																			"FromMax":	1,
																			"ToMin":	-0.13,
																			"ToMax":	0,
																			"Inputs":	[{
																					"$NodeId":	"SimplexNoise3DDensityNode-f2655095-6651-4183-a865-7c651f1b8b2b",
																					"Type":	"SimplexNoise3D",
																					"Skip":	false,
																					"Lacunarity":	2,
																					"Persistence":	0.5,
																					"Octaves":	1,
																					"ScaleXZ":	150,
																					"ScaleY":	1,
																					"Seed":	"A"
																				}]
																		}]
																}, {
																	"$NodeId":	"SumDensityNode-2825dfe6-2ccf-4cff-8ff2-fead1f127674",
																	"Type":	"Sum",
																	"Skip":	false,
																	"Inputs":	[{
																			"$NodeId":	"Slider.Density-357d73b1-20ef-4ed1-ae99-d1c7528b6e89",
																			"Type":	"Slider",
																			"Skip":	false,
																			"SlideX":	-60,
																			"SlideY":	0,
																			"SlideZ":	-60,
																			"Inputs":	[{
																					"$NodeId":	"CellNoise2DDensityNode-f7f4fad0-bd92-4bae-9459-fe36d566e69d",
																					"Type":	"CellNoise2D",
																					"Skip":	false,
																					"ScaleX":	120,
																					"ScaleZ":	120,
																					"Jitter":	0.3,
																					"CellType":	"Distance2Div",
																					"Octaves":	1,
																					"Seed":	"A"
																				}]
																		}, {
																			"$NodeId":	"CurveMapper.Density-8c081094-3873-4e2d-a0c4-7151b6f3e3fd",
																			"Type":	"CurveMapper",
																			"Skip":	false,
																			"Curve":	{
																				"$NodeId":	"ManualCurve-e6f4a95c-4a08-48a5-b0ba-df8a11cbb148",
																				"Type":	"Manual",
																				"Points":	[{
																						"$NodeId":	"CurvePoint-3d7f6668-f6dc-436b-8357-28acfbe130e1",
																						"In":	150,
																						"Out":	-1
																					}, {
																						"$NodeId":	"CurvePoint-68b0532a-cbfd-4c02-8f18-5dd8bcaeb4e8",
																						"In":	170,
																						"Out":	0.1
																					}, {
																						"$NodeId":	"CurvePoint-3dd2d2ee-f483-4d40-a5ee-0d721bf1f4f4",
																						"In":	190,
																						"Out":	-1
																					}]
																			},
																			"Inputs":	[{
																					"$NodeId":	"SumDensityNode-51908805-8c60-450b-85ff-8deb414b1129",
																					"Type":	"Sum",
																					"Skip":	false,
																					"Inputs":	[{
																							"$NodeId":	"MultiplierDensityNode-82e20bad-079a-460d-8a95-bb2af7e88480",
																							"Type":	"Multiplier",
																							"Skip":	false,
																							"Inputs":	[{
																									"$NodeId":	"ImportedDensityNode-990b7c5d-5e54-48a2-8f07-0dbbd0fb647e",
																									"Type":	"Imported",
																									"Skip":	false,
																									"Name":	"CapacitorCellular"
																								}, {
																									"$NodeId":	"ConstantDensityNode-ebd1d394-7912-4351-8387-f2fe6979f6e2",
																									"Type":	"Constant",
																									"Skip":	false,
																									"Value":	80
																								}]
																						}, {
																							"$NodeId":	"YValue.Density-8ffb71e7-718a-4d67-8b8c-ce1bc26edf60",
																							"Type":	"YValue",
																							"Skip":	false
																						}]
																				}]
																		}]
																}]
														}, {
															"$NodeId":	"YOverride.Density-e0cf2636-ed53-4f13-aeaa-cf78c5d5a39b",
															"Type":	"YOverride",
															"Skip":	false,
															"Value":	0,
															"Inputs":	[{
																	"$NodeId":	"Distance.Density-829ad35e-e04b-4957-a960-0d8662a9059a",
																	"Type":	"Distance",
																	"Skip":	false,
																	"Curve":	{
																		"$NodeId":	"ManualCurve-698e4c02-1e41-4e35-b250-f345709c6de0",
																		"Type":	"Manual",
																		"Points":	[{
																				"$NodeId":	"CurvePoint-99ecceab-408a-4872-a1d1-1c57afc51d40",
																				"In":	0,
																				"Out":	0
																			}, {
																				"$NodeId":	"CurvePoint-3d458ad8-09e4-4a7a-9909-c1d13544aeef",
																				"In":	700,
																				"Out":	0
																			}, {
																				"$NodeId":	"CurvePoint-129c6fc4-3034-40ca-b1ef-796d3e1a13a3",
																				"In":	710,
																				"Out":	1
																			}, {
																				"$NodeId":	"CurvePoint-1f384148-75b8-487c-ba38-ea70e2c18070",
																				"In":	1350,
																				"Out":	1
																			}, {
																				"$NodeId":	"CurvePoint-108f5564-ccde-4710-a04f-4bfb30966862",
																				"In":	1360,
																				"Out":	0
																			}]
																	}
																}]
														}]
												}]
										}]
								}]
						}]
				}]
		}
	},
	"MaterialProvider":	{
		"$NodeId":	"SolidityMaterialProvider-3b59efcc-e14a-4ad7-906f-735490581d40",
		"Type":	"Solidity",
		"Solid":	{
			"$NodeId":	"FieldFunctionMaterialProvider-7896a8a7-9136-41ea-bf0f-17237a6b0b67",
			"Type":	"FieldFunction",
			"FieldFunction":	{
				"$NodeId":	"ImportedDensityNode-29e1c9f7-8436-4dff-b779-ff2130230157",
				"Type":	"Imported",
				"Skip":	false,
				"Name":	"Tubes"
			},
			"Delimiters":	[{
					"$NodeId":	"DelimiterFieldFunctionMP-6dd2dccc-b45a-48cb-addd-18e6eea7c615",
					"From":	-200,
					"To":	0,
					"Material":	{
						"$NodeId":	"FieldFunctionMaterialProvider-a9939ce4-4ba7-4f44-9e0c-763ecd4b3bc4",
						"Type":	"FieldFunction",
						"FieldFunction":	{
							"$NodeId":	"ImportedDensityNode-3f7f4daa-f652-4dac-97f4-113f813c265b",
							"Type":	"Imported",
							"Skip":	false,
							"Name":	"Capacitors"
						},
						"Delimiters":	[{
								"$NodeId":	"DelimiterFieldFunctionMP-28f21a3b-6f12-4e99-a9aa-862dfbafc208",
								"From":	-2000,
								"To":	0,
								"Material":	{
									"$NodeId":	"ConstantMaterialProvider-3e7273bf-d068-4cea-bc95-7dec71a1cd32",
									"Type":	"Constant",
									"Material":	{
										"$NodeId":	"Material-0cb3047e-89fe-4fc8-bf09-84de88577404",
										"Solid":	"MetalConcrete"
									}
								}
							}, {
								"$NodeId":	"DelimiterFieldFunctionMP-a40bff24-42ce-4923-8839-39838fc7c373",
								"From":	0,
								"To":	2000,
								"Material":	{
									"$NodeId":	"FieldFunctionMaterialProvider-e4735c63-cade-4530-9b2d-def8c65f896b",
									"Type":	"FieldFunction",
									"FieldFunction":	{
										"$NodeId":	"ZOverride.Density-a7a4e8a0-efcf-4e78-a085-6ff07deaedb6",
										"Type":	"ZOverride",
										"Skip":	false,
										"Value":	0,
										"Inputs":	[{
												"$NodeId":	"Rotator.Density-bbb43d5c-2e51-4ae6-b8d7-a02b72c8a5a8",
												"Type":	"Rotator",
												"Skip":	false,
												"SpinAngle":	0,
												"NewYAxis":	{
													"$NodeId":	"Point3D-bf2967a8-25c7-47eb-bd45-1feaaac2af26",
													"X":	1,
													"Y":	0,
													"Z":	0
												},
												"Inputs":	[{
														"$NodeId":	"SimplexNoise2DDensityNode-ea199d21-1877-4cd1-924c-29d57dae96d4",
														"Type":	"SimplexNoise2D",
														"Skip":	false,
														"Lacunarity":	2,
														"Persistence":	0.5,
														"Octaves":	2,
														"Scale":	3,
														"Seed":	"A"
													}]
											}]
									},
									"Delimiters":	[{
											"$NodeId":	"DelimiterFieldFunctionMP-50422baa-ad32-4a6b-94ce-5d0c46abf484",
											"From":	-1,
											"To":	-0.3,
											"Material":	{
												"$NodeId":	"ConstantMaterialProvider-52b14edb-5328-44bb-acb8-3efc45159ad1",
												"Type":	"Constant",
												"Material":	{
													"$NodeId":	"Material-546f4837-e52f-44e8-9d67-f734b00252e6",
													"Solid":	"MetalPlateSmall"
												}
											}
										}, {
											"$NodeId":	"DelimiterFieldFunctionMP-6cc15479-009b-4e1d-95b0-ddd198a60eb4",
											"From":	-0.3,
											"To":	0.3,
											"Material":	{
												"$NodeId":	"ConstantMaterialProvider-21b35b1b-5074-4829-9f24-5145b7f9f7dd",
												"Type":	"Constant",
												"Material":	{
													"$NodeId":	"Material-80cd86f4-64c8-43e5-8a69-c4669084173f",
													"Solid":	"LightCircuitBlock"
												}
											}
										}, {
											"$NodeId":	"DelimiterFieldFunctionMP-beca87f6-105b-446c-9c09-2080a807f7d2",
											"From":	0.3,
											"To":	0.5,
											"Material":	{
												"$NodeId":	"ConstantMaterialProvider-aafd9046-8b69-44fe-8c88-e7b03c74b7fa",
												"Type":	"Constant",
												"Material":	{
													"$NodeId":	"Material-02dfb8e3-e22c-4992-979c-baf476503e77",
													"Solid":	"DarkCircuitBlock"
												}
											}
										}, {
											"$NodeId":	"DelimiterFieldFunctionMP-997ba538-7b9c-4836-a214-03e1895aab2f",
											"From":	0.5,
											"To":	1,
											"Material":	{
												"$NodeId":	"ConstantMaterialProvider-86a76f3f-7575-42dc-a3d3-35bc1474b9c9",
												"Type":	"Constant",
												"Material":	{
													"$NodeId":	"Material-5c4dc01d-b2e2-43f1-88ba-63822369d89e",
													"Solid":	"NeonGreen"
												}
											}
										}]
								}
							}]
					}
				}, {
					"$NodeId":	"DelimiterFieldFunctionMP-a18d325d-8d01-4baa-abb6-b24943c85c20",
					"From":	0,
					"To":	2000,
					"Material":	{
						"$NodeId":	"FieldFunctionMaterialProvider-18c735a5-ef50-4f9d-b632-3d7d23f2ef68",
						"Type":	"FieldFunction",
						"FieldFunction":	{
							"$NodeId":	"ImportedDensityNode-938c5171-3c7d-44f6-abb0-c7e14ac9b74f",
							"Type":	"Imported",
							"Skip":	false,
							"Name":	"tubedetail"
						},
						"Delimiters":	[{
								"$NodeId":	"DelimiterFieldFunctionMP-98344185-efb2-4241-af40-4103c92c3aac",
								"From":	-100,
								"To":	0.05,
								"Material":	{
									"$NodeId":	"ConstantMaterialProvider-df1bfcb5-cb64-4f40-9c2b-74d540af4839",
									"Type":	"Constant",
									"Material":	{
										"$NodeId":	"Material-cfcd1e39-53a8-4e14-aa65-c1a6b8cd6d9b",
										"Solid":	"DarkCircuitBlock"
									}
								}
							}, {
								"$NodeId":	"DelimiterFieldFunctionMP-a1236ced-e37b-4b7e-a960-2624c28ecd93",
								"From":	0.05,
								"To":	10,
								"Material":	{
									"$NodeId":	"ConstantMaterialProvider-ec4fe294-b7af-4fb0-b622-d7bf8aeab24b",
									"Type":	"Constant",
									"Material":	{
										"$NodeId":	"Material-0ffd5a87-5164-4e4e-8097-1ae476f72b35",
										"Solid":	"MetalPlateLarge"
									}
								}
							}]
					}
				}]
		},
		"Empty":	{
			"$NodeId":	"ConstantMaterialProvider-e2e2ee2b-fe35-4b61-8f3c-e2962db00afd",
			"Type":	"Constant",
			"Material":	{
				"$NodeId":	"Material-42657934-2ae9-4b57-a53f-bfc380217504",
				"Solid":	"Empty"
			}
		}
	},
	"Props":	[{
			"$NodeId":	"Runtime-a8137220-50bd-44ea-9139-0fea82fdcc4f",
			"Skip":	false,
			"Runtime":	0,
			"Positions":	{
				"$NodeId":	"Mesh3DPositions-5c474a03-72c2-4b84-98b2-1f86fca19aeb",
				"Type":	"Mesh3D",
				"Skip":	false,
				"PointGenerator":	{
					"$NodeId":	"MeshPointGenerator-8607861e-19a8-43a3-b0ff-9d79bcabd07f",
					"Type":	"Mesh",
					"Jitter":	0.4,
					"ScaleX":	9,
					"ScaleY":	19,
					"ScaleZ":	9,
					"Seed":	"A"
				}
			},
			"Assignments":	{
				"$NodeId":	"FieldFunction.Assignments-2ed06236-e94b-4085-9ad9-56176b171a90",
				"Type":	"FieldFunction",
				"FieldFunction":	{
					"$NodeId":	"ImportedDensityNode-9472a645-91ea-40ac-a993-9f0b9c62ebf3",
					"Type":	"Imported",
					"Skip":	false,
					"Name":	"FinalCityDensity"
				},
				"Delimiters":	[{
						"$NodeId":	"Delimiter.FieldFunction.Assignments-6809e9f0-98b1-4659-8a64-3362e6363edf",
						"Max":	0.1,
						"Min":	-1,
						"Assignments":	{
							"$NodeId":	"Constant.Assignments-c6f0e46a-8e08-4408-b0d6-40b6e9a4fc2f",
							"Type":	"Constant",
							"Prop":	{
								"$NodeId":	"Prefab.Prop-77506de5-d8d1-4241-b84c-0cf654f9a961",
								"Type":	"Prefab",
								"Skip":	false,
								"WeightedPrefabPaths":	[{
										"$NodeId":	"WeightedPath.Prefab.Prop-cdb55ebd-5e8e-4dd1-a1a7-8e39028ab395",
										"Path":	"CityOfTheMachine/Modules",
										"Weight":	1
									}],
								"LegacyPath":	false,
								"LoadEntities":	true,
								"Directionality":	{
									"$NodeId":	"Random.Directionality-7c344930-c425-47f1-8297-0da42c9429e4",
									"Type":	"Random",
									"Seed":	"A",
									"Pattern":	{
										"$NodeId":	"Offset.Pattern-7dcc45b7-4f3f-4529-87ad-9642a4381be3",
										"Type":	"Offset",
										"Skip":	false,
										"Pattern":	{
											"$NodeId":	"Or.Pattern-7309184e-29bb-4719-8e2b-3c85678487e3",
											"Type":	"Or",
											"Skip":	false,
											"Patterns":	[{
													"$NodeId":	"Floor.Pattern-9797047f-7239-4bde-a509-f1930d318886",
													"Type":	"Floor",
													"Skip":	false,
													"Origin":	{
														"$NodeId":	"BlockType.Pattern-f18d1b06-d685-497b-a605-f3b1d495656a",
														"Type":	"BlockType",
														"Skip":	false,
														"Material":	{
															"$NodeId":	"Material-d6ad77c7-8edb-413f-b434-732bf34831f1",
															"Solid":	"Empty"
														}
													},
													"Floor":	{
														"$NodeId":	"BlockType.Pattern-b28659b4-282a-4786-a7e2-3ca3bffe051b",
														"Type":	"BlockType",
														"Skip":	false,
														"Material":	{
															"$NodeId":	"Material-7d24090f-92bd-48f6-ad24-4fe03f2ae19a",
															"Solid":	"MetalConcrete"
														}
													}
												}, {
													"$NodeId":	"Wall.Pattern-4f196b23-4c26-44ff-88b5-610fb03a386e",
													"Type":	"Wall",
													"Skip":	false,
													"Wall":	{
														"$NodeId":	"BlockType.Pattern-7eb53072-f318-4c38-a68b-f5b6f046367b",
														"Type":	"BlockType",
														"Skip":	false,
														"Material":	{
															"$NodeId":	"Material-895ea95b-0318-4a50-a088-3c5ebc49db18",
															"Solid":	"MetalConcrete"
														}
													},
													"Origin":	{
														"$NodeId":	"BlockType.Pattern-1de0a626-d580-4569-9bda-c4bce5baa28d",
														"Type":	"BlockType",
														"Skip":	false,
														"Material":	{
															"$NodeId":	"Material-be9744a5-a276-45d3-ac51-21c669fb7c74",
															"Solid":	"Empty"
														}
													},
													"Directions":	["n", "s", "e", "w"],
													"RequireAllDirections":	false
												}]
										},
										"Offset":	{
											"$NodeId":	"Point3D-b220664e-28bf-4adb-9056-0e3eba55da91",
											"X":	0,
											"Y":	11,
											"Z":	0
										}
									}
								},
								"Scanner":	{
									"$NodeId":	"Area.Scanner-50b873bb-cf68-4553-a663-6d6e62de36b3",
									"Type":	"Area",
									"Skip":	false,
									"ScanRange":	4,
									"ScanShape":	"CIRCLE",
									"ResultCap":	1,
									"ChildScanner":	{
										"$NodeId":	"Origin.Scanner-7ef26760-65df-45f9-9910-1d98b312559c",
										"Type":	"Origin",
										"Skip":	false
									}
								},
								"BlockMask":	{
									"$NodeId":	"BlockMask-3e28a233-8891-4ab4-b475-00ba62f5d844",
									"Advanced":	[{
											"$NodeId":	"Rule.BlockMask-55904ca7-d31f-4da0-88c8-2f9e07393c9f",
											"Source":	{
												"$NodeId":	"BlockSet.BlockMask-2dafc016-f865-44cc-8c36-f52c63f1ebea",
												"Inclusive":	true,
												"Materials":	[{
														"$NodeId":	"Material-8f2c33d3-970c-43da-97ab-dfa658413625",
														"Solid":	"MetalConcreteHalf"
													}, {
														"$NodeId":	"Material-3a30168e-009b-42d9-9a4c-4f6cfeb822d8",
														"Solid":	"MetalPlateHalf"
													}, {
														"$NodeId":	"Material-ff1fb2be-ace6-4ec9-adea-9903b7c335df",
														"Solid":	"MetalConcreteBeam"
													}, {
														"$NodeId":	"Material-3f601976-e80c-4c78-a256-a4cfc3d1e365",
														"Solid":	"MetalGrate"
													}]
											},
											"CanReplace":	{
												"$NodeId":	"BlockSet.BlockMask-6db29f3a-e97e-4f7c-a7ee-6862e4615835",
												"Inclusive":	true,
												"Materials":	[{
														"$NodeId":	"Material-510c9d75-faed-4122-8d90-e11341c3d099",
														"Solid":	"Empty"
													}]
											}
										}]
								},
								"MoldingDirection":	"NONE",
								"MoldingChildren":	false
							}
						}
					}]
			}
		}, {
			"$NodeId":	"Runtime-efe0ded8-0aa9-4dda-b1fa-be1d575dd04b",
			"Skip":	false,
			"Runtime":	0,
			"Positions":	{
				"$NodeId":	"Mesh2DPositions-6b0e20ec-f7dc-417d-a5c1-6a96d0b03101",
				"Type":	"Mesh2D",
				"Skip":	false,
				"PointsY":	0,
				"PointGenerator":	{
					"$NodeId":	"MeshPointGenerator-3d4f59f7-ed4c-49c2-a84a-c0c16040abb8",
					"Type":	"Mesh",
					"Jitter":	0.4,
					"ScaleX":	11,
					"ScaleY":	19,
					"ScaleZ":	11,
					"Seed":	"A"
				}
			},
			"Assignments":	{
				"$NodeId":	"FieldFunction.Assignments-64d32136-9bcf-4f8e-97b4-20ce38af409d",
				"Type":	"FieldFunction",
				"FieldFunction":	{
					"$NodeId":	"ImportedDensityNode-0b04e256-2550-4631-b9ba-782b1aba5909",
					"Type":	"Imported",
					"Skip":	false,
					"Name":	"FinalCityDensity"
				},
				"Delimiters":	[{
						"$NodeId":	"Delimiter.FieldFunction.Assignments-90151b00-2e73-4352-afed-f27d4e64ea8f",
						"Max":	0.1,
						"Min":	-1,
						"Assignments":	{
							"$NodeId":	"Constant.Assignments-f0d1e71b-8e70-492d-9d11-5f5269bfb218",
							"Type":	"Constant",
							"Prop":	{
								"$NodeId":	"Prefab.Prop-918a02d7-80b4-4b9a-bb2c-6b657243af5e",
								"Type":	"Prefab",
								"Skip":	false,
								"WeightedPrefabPaths":	[{
										"$NodeId":	"WeightedPath.Prefab.Prop-15e28262-b50d-4af0-99d6-87630d6c078e",
										"Path":	"CityOfTheMachine/Floors",
										"Weight":	1
									}],
								"LegacyPath":	false,
								"LoadEntities":	true,
								"Directionality":	{
									"$NodeId":	"Random.Directionality-cdb84635-8314-4aca-9a8d-f55ff1a75cc3",
									"Type":	"Random",
									"Seed":	"A",
									"Pattern":	{
										"$NodeId":	"Offset.Pattern-f18e4470-4bde-4bc9-8802-99e6389f75c6",
										"Type":	"Offset",
										"Skip":	false,
										"Pattern":	{
											"$NodeId":	"Floor.Pattern-e355a862-12b2-4fe1-979f-348bebf80247",
											"Type":	"Floor",
											"Skip":	false,
											"Origin":	{
												"$NodeId":	"BlockType.Pattern-e9b81071-5b49-4036-9430-4d909c4be127",
												"Type":	"BlockType",
												"Skip":	false,
												"Material":	{
													"$NodeId":	"Material-71e1a934-fb88-4938-bf81-8bb015b80aa9",
													"Solid":	"Empty"
												}
											},
											"Floor":	{
												"$NodeId":	"BlockType.Pattern-77ddf953-b9d6-4841-8439-9a24715e48e1",
												"Type":	"BlockType",
												"Skip":	false,
												"Material":	{
													"$NodeId":	"Material-67ca64bc-b76f-419d-a0a6-bb4dfa3368e8",
													"Solid":	"MetalConcrete"
												}
											}
										},
										"Offset":	{
											"$NodeId":	"Point3D-51a2295d-1903-485a-a7cd-8780c1ceee09",
											"X":	0,
											"Y":	2,
											"Z":	0
										}
									}
								},
								"Scanner":	{
									"$NodeId":	"ColumnLinear.Scanner-b0545007-03c5-4f03-aff9-01ff1ca9e9f7",
									"Type":	"ColumnLinear",
									"Skip":	false,
									"MaxY":	320,
									"MinY":	-80,
									"RelativeToPosition":	false,
									"BaseHeightName":	"Base",
									"TopDownOrder":	true,
									"ResultCap":	1
								},
								"BlockMask":	{
									"$NodeId":	"BlockMask-1a7f19e3-796e-45c4-bd1c-a835f0bc58b1",
									"Advanced":	[{
											"$NodeId":	"Rule.BlockMask-bae49f93-3028-4ef9-8baf-569da02a3136",
											"Source":	{
												"$NodeId":	"BlockSet.BlockMask-1f649004-072b-43a7-81a0-820f100faecd",
												"Inclusive":	true,
												"Materials":	[{
														"$NodeId":	"Material-bc2fa8f4-c7c3-4f23-93eb-1b278213edfa",
														"Solid":	"MetalConcreteHalf"
													}, {
														"$NodeId":	"Material-8ac845d9-32a7-42c4-beb5-65f1238e8908",
														"Solid":	"MetalPlateHalf"
													}, {
														"$NodeId":	"Material-b88c6806-0194-4b0e-9698-734fa85bf10a",
														"Solid":	"MetalConcreteBeam"
													}, {
														"$NodeId":	"Material-e83aad32-c96b-4134-9779-f512048d947a",
														"Solid":	"MetalGrate"
													}]
											},
											"CanReplace":	{
												"$NodeId":	"BlockSet.BlockMask-de832ecb-f4bb-4bbb-a124-44ec9a8b28c9",
												"Inclusive":	true,
												"Materials":	[{
														"$NodeId":	"Material-969e1ab1-bcdf-4307-bd20-0726f0cc1948",
														"Solid":	"Empty"
													}]
											}
										}]
								},
								"MoldingDirection":	"NONE",
								"MoldingChildren":	false
							}
						}
					}]
			}
		}, {
			"$NodeId":	"Runtime-712ba8c5-ad24-42e7-8fa4-7a5bbbc0a094",
			"Skip":	false,
			"Runtime":	1,
			"Positions":	{
				"$NodeId":	"Mesh3DPositions-02eca689-d6fc-4468-be0d-677065495284",
				"Type":	"Mesh3D",
				"Skip":	false,
				"PointGenerator":	{
					"$NodeId":	"MeshPointGenerator-c11e0a54-a72d-4f1d-a8aa-d3c6c89d5978",
					"Type":	"Mesh",
					"Jitter":	0.4,
					"ScaleX":	48,
					"ScaleY":	19,
					"ScaleZ":	48,
					"Seed":	"A"
				}
			},
			"Assignments":	{
				"$NodeId":	"FieldFunction.Assignments-ea968f91-80dd-415d-8261-51f3c1dc8ba1",
				"Type":	"FieldFunction",
				"FieldFunction":	{
					"$NodeId":	"ImportedDensityNode-8d0e648d-ed7b-4864-862d-5c3c59445c55",
					"Type":	"Imported",
					"Skip":	false,
					"Name":	"FinalCityDensity"
				},
				"Delimiters":	[{
						"$NodeId":	"Delimiter.FieldFunction.Assignments-36213b5a-06f3-45dc-8e08-15a2d4cd214b",
						"Max":	0.1,
						"Min":	-1,
						"Assignments":	{
							"$NodeId":	"Constant.Assignments-a7321005-2d9f-40cd-a160-772c1c724554",
							"Type":	"Constant",
							"Prop":	{
								"$NodeId":	"Prefab.Prop-ec0f2dec-6a8a-4322-8508-3269d70ce510",
								"Type":	"Prefab",
								"Skip":	false,
								"WeightedPrefabPaths":	[{
										"$NodeId":	"WeightedPath.Prefab.Prop-f49618a8-71c6-4d48-8548-e53dc5d41b9c",
										"Path":	"CityOfTheMachine/Antennas",
										"Weight":	1
									}],
								"LegacyPath":	false,
								"LoadEntities":	true,
								"Directionality":	{
									"$NodeId":	"Random.Directionality-0aa41070-ebe9-4658-b9da-7b682c3f986f",
									"Type":	"Random",
									"Seed":	"A",
									"Pattern":	{
										"$NodeId":	"Offset.Pattern-c1298309-bc33-481f-b5a2-3be70b44cd2f",
										"Type":	"Offset",
										"Skip":	false,
										"Pattern":	{
											"$NodeId":	"Floor.Pattern-496caa24-bb26-4464-8618-e8e45a46010b",
											"Type":	"Floor",
											"Skip":	false,
											"Origin":	{
												"$NodeId":	"BlockType.Pattern-2d3d8c0e-ef20-4553-afdf-0996403430f3",
												"Type":	"BlockType",
												"Skip":	false,
												"Material":	{
													"$NodeId":	"Material-9f16334a-4321-4a38-a7ce-069537f1ff9d",
													"Solid":	"Empty"
												}
											},
											"Floor":	{
												"$NodeId":	"BlockType.Pattern-d88b6879-608f-4641-80b8-832baa15e748",
												"Type":	"BlockType",
												"Skip":	false,
												"Material":	{
													"$NodeId":	"Material-ee1db765-509e-42e0-8337-effa08814664",
													"Solid":	"LightCircuitBlock"
												}
											}
										},
										"Offset":	{
											"$NodeId":	"Point3D-bc9cd5f0-90ab-47d7-82bc-2ced8872b816",
											"X":	0,
											"Y":	2,
											"Z":	0
										}
									}
								},
								"Scanner":	{
									"$NodeId":	"ColumnLinear.Scanner-903c2aa8-4660-4df2-a48b-1ee917920e74",
									"Type":	"ColumnLinear",
									"Skip":	false,
									"MaxY":	320,
									"MinY":	-80,
									"RelativeToPosition":	false,
									"BaseHeightName":	"Base",
									"TopDownOrder":	true,
									"ResultCap":	1
								},
								"BlockMask":	{
									"$NodeId":	"BlockMask-045de765-d3a8-4b14-b6f1-3d9a295df65b",
									"Advanced":	[{
											"$NodeId":	"Rule.BlockMask-c2d0ee5f-ff19-401c-ad0b-6a56f720dcc8",
											"Source":	{
												"$NodeId":	"BlockSet.BlockMask-87a39891-8e42-4459-b662-c5dd8dea34bb",
												"Inclusive":	true,
												"Materials":	[{
														"$NodeId":	"Material-b7530dd3-5e17-4d90-bd63-2fe912178535",
														"Solid":	"MetalConcreteHalf"
													}, {
														"$NodeId":	"Material-fd095b0d-3993-4883-85e2-7328998f1ab1",
														"Solid":	"MetalPlateHalf"
													}, {
														"$NodeId":	"Material-7719529f-7ef8-4dcb-97b1-9f70fa6f641a",
														"Solid":	"MetalConcreteBeam"
													}, {
														"$NodeId":	"Material-317fa11d-b07b-4080-a4ea-60a87d88f1a6",
														"Solid":	"MetalGrate"
													}]
											},
											"CanReplace":	{
												"$NodeId":	"BlockSet.BlockMask-5d0e8950-83c3-45ee-a761-41f17b284949",
												"Inclusive":	true,
												"Materials":	[{
														"$NodeId":	"Material-2c3953a1-ee88-489b-b96b-24e3e1b4ef48",
														"Solid":	"Empty"
													}]
											}
										}]
								},
								"MoldingDirection":	"NONE",
								"MoldingChildren":	false
							}
						}
					}]
			}
		}],
	"EnvironmentProvider":	{
		"$NodeId":	"Constant.EnvironmentProvider-dcdcdab4-5501-4624-bfe6-10c7e0c241e5",
		"Type":	"Constant",
		"Environment":	"Env_City_Machine"
	},
	"$NodeEditorMetadata":	{
		"$Nodes":	{
			"Biome-473964c7-05ce-4d8b-89d8-8cdec567a859":	{
				"$Position":	{
					"$x":	250,
					"$y":	250
				},
				"$Title":	"[ROOT] Biome"
			},
			"Terrain-41309122-fbf2-4b4a-83bf-200e91e607f1":	{
				"$Position":	{
					"$x":	1370,
					"$y":	-1823
				}
			},
			"Exported.Density-9d28ac6e-54a4-4f8c-afac-8c99fb2e9c29":	{
				"$Position":	{
					"$x":	1642,
					"$y":	-1832
				}
			},
			"Cache.Density-52dd6d32-cdb4-496b-ab4d-1dd7c4b19401":	{
				"$Position":	{
					"$x":	2348,
					"$y":	-1837
				}
			},
			"MaxDensityNode-baa3b9f1-4645-4c6c-85b7-431c9f729191":	{
				"$Position":	{
					"$x":	6299,
					"$y":	-1824
				}
			},
			"SumDensityNode-9edc253a-e430-4644-966c-a1a00ba25de0":	{
				"$Position":	{
					"$x":	12108,
					"$y":	-17219
				}
			},
			"MaxDensityNode-180410ab-51b0-4853-88e6-1201efb0ac07":	{
				"$Position":	{
					"$x":	12867,
					"$y":	-17226
				}
			},
			"Exported.Density-3bb5b834-e7a2-4998-b966-6eba64a7a3b4":	{
				"$Position":	{
					"$x":	14177,
					"$y":	-21205
				}
			},
			"Cache.Density-63833ddb-1df1-412d-b803-94ba5729c446":	{
				"$Position":	{
					"$x":	14854,
					"$y":	-21205
				}
			},
			"CurveMapper.Density-50fa73fd-0082-4832-a805-7f28882658e5":	{
				"$Position":	{
					"$x":	15481,
					"$y":	-21201
				}
			},
			"ManualCurve-37016a9b-70ec-4261-a29e-1e7a0d5384e5":	{
				"$Position":	{
					"$x":	16178,
					"$y":	-21046
				}
			},
			"CurvePoint-d2635093-1abd-4a2d-8eca-70ff172e7f9e":	{
				"$Position":	{
					"$x":	16803,
					"$y":	-21043
				}
			},
			"CurvePoint-7af5cf8f-a500-4dfc-bd56-0f3ab1fb81c8":	{
				"$Position":	{
					"$x":	16804,
					"$y":	-20893
				}
			},
			"AbsDensityNode-9bc283b0-68fe-44ae-8f9b-b2c25863d0ec":	{
				"$Position":	{
					"$x":	16177,
					"$y":	-21210
				}
			},
			"XValue.Density-91bc0eac-87a0-48c1-9800-d2fd5e420a24":	{
				"$Position":	{
					"$x":	16793,
					"$y":	-21210
				}
			},
			"Rotator.Density-87dd1447-a936-4061-82f5-d9fbabbaf067":	{
				"$Position":	{
					"$x":	14175,
					"$y":	-20371
				}
			},
			"Point3D-1e53c296-63ba-485f-bb81-95d5f838a602":	{
				"$Position":	{
					"$x":	14874,
					"$y":	-20206
				}
			},
			"ImportedDensityNode-b69c97ef-6197-4b29-ab72-0147552ef72b":	{
				"$Position":	{
					"$x":	14857,
					"$y":	-20372
				}
			},
			"Rotator.Density-f13c1112-20e2-4d42-95ca-f5a89e486887":	{
				"$Position":	{
					"$x":	14185,
					"$y":	-19682
				}
			},
			"Point3D-941dd546-8696-47c0-9c40-f551f38d1b5f":	{
				"$Position":	{
					"$x":	14856,
					"$y":	-19506
				}
			},
			"ImportedDensityNode-2e4fb09a-735f-4770-b6b3-021a446a93ec":	{
				"$Position":	{
					"$x":	14873,
					"$y":	-19683
				}
			},
			"Rotator.Density-7ff2e84f-6979-4592-a3b9-1f757e6b3eb5":	{
				"$Position":	{
					"$x":	14159,
					"$y":	-19067
				}
			},
			"Point3D-f7b7fad3-8f9b-4fc9-b3f6-dd77ba9d4819":	{
				"$Position":	{
					"$x":	14874,
					"$y":	-18900
				}
			},
			"ImportedDensityNode-0d43b0ff-c4dd-4af4-9e20-0c49eaf30287":	{
				"$Position":	{
					"$x":	14865,
					"$y":	-19069
				}
			},
			"Rotator.Density-12115941-310a-4c89-89ce-d25f049d96fe":	{
				"$Position":	{
					"$x":	14163,
					"$y":	-18541
				}
			},
			"Point3D-631ff90c-28ec-4f08-9fee-aeb8bb880c37":	{
				"$Position":	{
					"$x":	14903,
					"$y":	-18369
				}
			},
			"ImportedDensityNode-bdccdf2e-be80-4a1d-912a-dc7f9e726bae":	{
				"$Position":	{
					"$x":	14894,
					"$y":	-18538
				}
			},
			"Rotator.Density-4f6cce05-b7cf-4131-9512-26a507a274d5":	{
				"$Position":	{
					"$x":	14203,
					"$y":	-18078
				}
			},
			"Point3D-5da49729-6e07-40b1-8dfe-2229f41c8794":	{
				"$Position":	{
					"$x":	14918,
					"$y":	-17911
				}
			},
			"ImportedDensityNode-320918b2-88cd-4a17-9438-cabddc447143":	{
				"$Position":	{
					"$x":	14909,
					"$y":	-18080
				}
			},
			"Rotator.Density-6ddbf0cf-72aa-49b4-9f8d-3decf2226625":	{
				"$Position":	{
					"$x":	14197,
					"$y":	-17643
				}
			},
			"Point3D-27c489b0-f419-4147-b271-008ecca919f8":	{
				"$Position":	{
					"$x":	14937,
					"$y":	-17471
				}
			},
			"ImportedDensityNode-59cc895a-c588-44d7-8af5-60d427f9b5f3":	{
				"$Position":	{
					"$x":	14928,
					"$y":	-17640
				}
			},
			"Rotator.Density-4be082e4-8148-4438-a7a2-47064fceb8c6":	{
				"$Position":	{
					"$x":	14237,
					"$y":	-17180
				}
			},
			"Point3D-07095f85-461e-4317-af16-39d44564339e":	{
				"$Position":	{
					"$x":	14952,
					"$y":	-17013
				}
			},
			"ImportedDensityNode-1edade32-f382-4cc9-93ae-22ab4ef19431":	{
				"$Position":	{
					"$x":	14943,
					"$y":	-17182
				}
			},
			"CurveMapper.Density-1d25764e-7f31-429b-acd7-908986c36e66":	{
				"$Position":	{
					"$x":	12750,
					"$y":	-16387
				}
			},
			"ManualCurve-ca999e3d-45d5-49bf-a782-6b9bdce1955d":	{
				"$Position":	{
					"$x":	13403,
					"$y":	-16225
				}
			},
			"CurvePoint-0e0447c2-0a35-4eca-baae-b1c35c75aaf5":	{
				"$Position":	{
					"$x":	14033,
					"$y":	-16220
				}
			},
			"CurvePoint-8a912da1-71ea-4329-a641-998f15fd1b2b":	{
				"$Position":	{
					"$x":	14041,
					"$y":	-16064
				}
			},
			"CurvePoint-fab38421-b417-4f69-97a2-04a1bbc1719a":	{
				"$Position":	{
					"$x":	14041,
					"$y":	-15902
				}
			},
			"CurvePoint-b1ef7c5a-aa70-4c77-b6c1-a0e13313eb81":	{
				"$Position":	{
					"$x":	14043,
					"$y":	-15740
				}
			},
			"YValue.Density-a00f0eb7-306f-4e92-8bf5-eb76730a9913":	{
				"$Position":	{
					"$x":	13399,
					"$y":	-16389
				}
			},
			"SumDensityNode-b43acf04-25b2-48f2-b456-907ad54b6c91":	{
				"$Position":	{
					"$x":	11176,
					"$y":	-12332
				}
			},
			"YOverride.Density-52d24c39-b7e0-4f4f-9e30-2c40a4e1d073":	{
				"$Position":	{
					"$x":	11839,
					"$y":	-12332
				}
			},
			"Distance.Density-3e3c6c98-2256-4f9f-8acb-e602a52aaab9":	{
				"$Position":	{
					"$x":	12525,
					"$y":	-12333
				}
			},
			"ManualCurve-6530560b-f65f-4f0d-a220-77190e0949a8":	{
				"$Position":	{
					"$x":	13270,
					"$y":	-12329
				}
			},
			"CurvePoint-2aabdcaf-f908-46b6-b211-df1c103002be":	{
				"$Position":	{
					"$x":	13967,
					"$y":	-12329
				}
			},
			"CurvePoint-88a5d8f2-bd95-4205-b785-453aa1baf4b0":	{
				"$Position":	{
					"$x":	13971,
					"$y":	-12187
				}
			},
			"CurvePoint-16534030-845d-4333-9c38-08699486882b":	{
				"$Position":	{
					"$x":	13969,
					"$y":	-12028
				}
			},
			"CurvePoint-cd3b5fd1-eaf2-4715-b79c-f52b5a304bf6":	{
				"$Position":	{
					"$x":	13969,
					"$y":	-11853
				}
			},
			"CurvePoint-993f52ac-24ec-462d-867b-471f8dd615ed":	{
				"$Position":	{
					"$x":	13965,
					"$y":	-11693
				}
			},
			"CurveMapper.Density-5f1469f3-ed02-4b20-bdc6-681986a27b22":	{
				"$Position":	{
					"$x":	11833,
					"$y":	-11844
				}
			},
			"ManualCurve-a3f2e180-ad31-4054-b2fc-17f7079b761f":	{
				"$Position":	{
					"$x":	12485,
					"$y":	-11679
				}
			},
			"CurvePoint-ef9c5b5c-0a0a-4a2a-871a-4391052ee2fa":	{
				"$Position":	{
					"$x":	13143,
					"$y":	-11673
				}
			},
			"CurvePoint-b702e8db-4685-42da-9624-23a01395801a":	{
				"$Position":	{
					"$x":	13147,
					"$y":	-11505
				}
			},
			"CurvePoint-5a370532-70ca-41d7-a665-e4b74fb56436":	{
				"$Position":	{
					"$x":	13146,
					"$y":	-11332
				}
			},
			"CurvePoint-06b30601-5b65-4c03-b34d-05636946ac32":	{
				"$Position":	{
					"$x":	13148,
					"$y":	-11168
				}
			},
			"CurvePoint-24cf9256-640f-46a1-aa8e-825ccd3a6c18":	{
				"$Position":	{
					"$x":	13156,
					"$y":	-11002
				}
			},
			"YValue.Density-1a40c26b-ba27-49bd-b6fa-94968c12d47a":	{
				"$Position":	{
					"$x":	12478,
					"$y":	-11847
				}
			},
			"Mix.Density-273af3d0-264c-4440-8421-be0770e03dc0":	{
				"$Position":	{
					"$x":	11699,
					"$y":	-8051
				}
			},
			"ConstantDensityNode-7c2a1520-71c4-4375-92eb-d1ba5fa26922":	{
				"$Position":	{
					"$x":	12746,
					"$y":	-8062
				}
			},
			"MaxDensityNode-f1cf77c2-7773-4a22-a428-594f9ddfffa0":	{
				"$Position":	{
					"$x":	12721,
					"$y":	-7203
				}
			},
			"SumDensityNode-31c8cc44-4a74-4ede-9c40-8e773fd5854c":	{
				"$Position":	{
					"$x":	15171,
					"$y":	-7203
				}
			},
			"ConstantDensityNode-a47602a0-4c52-41df-8221-f9e4ebfde176":	{
				"$Position":	{
					"$x":	16194,
					"$y":	-7620
				}
			},
			"MultiplierDensityNode-b535c8a6-3a9f-44e1-9315-d56190591f27":	{
				"$Position":	{
					"$x":	16114,
					"$y":	-7198
				}
			},
			"ConstantDensityNode-5db984b3-26ac-42bd-99b6-f7b94ced0c50":	{
				"$Position":	{
					"$x":	17373,
					"$y":	-7404
				}
			},
			"CellNoise2DDensityNode-81802ab5-1e56-4a9e-8029-4bb36ef3a5c4":	{
				"$Position":	{
					"$x":	17371,
					"$y":	-7205
				}
			},
			"InverterDensityNode-f2f11444-afed-41ec-891d-1fe9565f7175":	{
				"$Position":	{
					"$x":	16117,
					"$y":	-6818
				}
			},
			"YValue.Density-dedfd325-13bd-4688-96de-cc58945f95bd":	{
				"$Position":	{
					"$x":	16785,
					"$y":	-6821
				}
			},
			"Exported.Density-a1d0879b-998f-425c-a339-3eaa883f7ff3":	{
				"$Position":	{
					"$x":	13455,
					"$y":	-5870
				}
			},
			"Cache.Density-2ddf5891-91d5-4603-bee5-920d89563cf9":	{
				"$Position":	{
					"$x":	14162,
					"$y":	-5874
				}
			},
			"SumDensityNode-b16f1d9e-298d-4da2-bd77-f34d2179df11":	{
				"$Position":	{
					"$x":	15150,
					"$y":	-5870
				}
			},
			"ConstantDensityNode-0dc355f1-4b17-4327-913d-f40ea7c7e459":	{
				"$Position":	{
					"$x":	16087,
					"$y":	-6160
				}
			},
			"CellNoise2DDensityNode-a06d6b38-ad51-4165-b251-91d1af7d877f":	{
				"$Position":	{
					"$x":	16085,
					"$y":	-5872
				}
			},
			"CurveMapper.Density-dc7a382e-b562-4cd4-9295-129a489726ef":	{
				"$Position":	{
					"$x":	16081,
					"$y":	-5330
				}
			},
			"ManualCurve-430214bb-94ec-4ea1-8f63-5c55e2e005ec":	{
				"$Position":	{
					"$x":	16734,
					"$y":	-4923
				}
			},
			"CurvePoint-fb141f87-e2db-43fc-bef5-1190aa707d16":	{
				"$Position":	{
					"$x":	17368,
					"$y":	-4921
				}
			},
			"CurvePoint-4ba9b9a8-5f57-4ad9-b7f9-d24400697a27":	{
				"$Position":	{
					"$x":	17362,
					"$y":	-4732
				}
			},
			"CurvePoint-0ee90a03-ee8f-41b5-9fd3-33f39e663f03":	{
				"$Position":	{
					"$x":	17359,
					"$y":	-4555
				}
			},
			"CellNoise2DDensityNode-0ffcffd4-c0d3-45b2-847a-38e2b459dc3e":	{
				"$Position":	{
					"$x":	16735,
					"$y":	-5332
				}
			},
			"CurveMapper.Density-c4365801-88c8-4521-b205-8c36641a971c":	{
				"$Position":	{
					"$x":	16096,
					"$y":	-4051
				}
			},
			"ManualCurve-1fd44e02-4988-40b7-9c95-666e13718b43":	{
				"$Position":	{
					"$x":	16808,
					"$y":	-3800
				}
			},
			"CurvePoint-3d5aac92-703b-4335-9e5f-ba59d0838409":	{
				"$Position":	{
					"$x":	17443,
					"$y":	-3798
				}
			},
			"CurvePoint-94a256b8-74ed-45f4-b1b9-e18240a59c4a":	{
				"$Position":	{
					"$x":	17437,
					"$y":	-3609
				}
			},
			"CurvePoint-49f5fc65-cff2-4ca5-8f36-0cbbe19f9a8f":	{
				"$Position":	{
					"$x":	17434,
					"$y":	-3432
				}
			},
			"YValue.Density-8fd02c32-558a-41f6-9a8c-bd86d4fd4333":	{
				"$Position":	{
					"$x":	16827,
					"$y":	-4056
				}
			},
			"YOverride.Density-d233101c-f473-4e72-987c-1a593a735547":	{
				"$Position":	{
					"$x":	12790,
					"$y":	-5191
				}
			},
			"Distance.Density-43185e1b-cd24-4510-9e4c-b8f15c59a295":	{
				"$Position":	{
					"$x":	13406,
					"$y":	-5198
				}
			},
			"ManualCurve-07dd8ed0-10bb-4710-98f9-67114c06baeb":	{
				"$Position":	{
					"$x":	14165,
					"$y":	-5199
				}
			},
			"CurvePoint-c3d353b8-73b2-476d-bace-d30dddb6d42d":	{
				"$Position":	{
					"$x":	14380,
					"$y":	-5023
				}
			},
			"CurvePoint-c2b70e9c-6706-4d61-99bd-f3890edc4840":	{
				"$Position":	{
					"$x":	14384,
					"$y":	-4843
				}
			},
			"CurvePoint-7acbe57a-8a78-40b2-87a7-1f2eb75bcfad":	{
				"$Position":	{
					"$x":	14387,
					"$y":	-4680
				}
			},
			"SumDensityNode-ddd3e772-f6db-4a93-b97c-87973e1a2907":	{
				"$Position":	{
					"$x":	11255,
					"$y":	-3770
				}
			},
			"MultiplierDensityNode-182ad43b-6c05-40ad-ac0b-df2339ce893f":	{
				"$Position":	{
					"$x":	12145,
					"$y":	-3772
				}
			},
			"CurveMapper.Density-8f2b8a20-8d1f-4dc6-8720-34946ac00953":	{
				"$Position":	{
					"$x":	12851,
					"$y":	-3772
				}
			},
			"ManualCurve-0ea728c8-bec9-45af-b92a-ac4d8944df12":	{
				"$Position":	{
					"$x":	13572,
					"$y":	-3397
				}
			},
			"CurvePoint-c5ad2512-48a3-4848-aaf0-27ae189b371d":	{
				"$Position":	{
					"$x":	14243,
					"$y":	-3397
				}
			},
			"CurvePoint-2491091f-bc87-4fec-8261-ec26d727d591":	{
				"$Position":	{
					"$x":	14244,
					"$y":	-3234
				}
			},
			"CurvePoint-ebf6f701-b4cc-41dc-8b4f-6dc120ba8fc5":	{
				"$Position":	{
					"$x":	14245,
					"$y":	-3068
				}
			},
			"CellNoise2DDensityNode-9799c350-8415-4f5a-8954-764ee54dfcdd":	{
				"$Position":	{
					"$x":	13569,
					"$y":	-3772
				}
			},
			"ConstantDensityNode-e6153405-861a-454c-910e-d2358f09db40":	{
				"$Position":	{
					"$x":	12896,
					"$y":	-3444
				}
			},
			"InverterDensityNode-a7eaa5e0-1c9f-490a-8b66-2cfd9e916192":	{
				"$Position":	{
					"$x":	12172,
					"$y":	-3094
				}
			},
			"YValue.Density-ac36176f-f187-4bb3-880a-545e270985d8":	{
				"$Position":	{
					"$x":	12840,
					"$y":	-3097
				}
			},
			"Exported.Density-c5d01176-4ea5-44c3-958a-f7a7f6fef4eb":	{
				"$Position":	{
					"$x":	10847,
					"$y":	-1854
				}
			},
			"Cache.Density-7af67b8e-cd67-4219-bda8-5e0d86ed935b":	{
				"$Position":	{
					"$x":	11663,
					"$y":	-1854
				}
			},
			"Mix.Density-90c9b762-859e-46f1-a9d0-dea7f5ebdea2":	{
				"$Position":	{
					"$x":	12350,
					"$y":	-1846
				}
			},
			"ConstantDensityNode-d6f9e911-a12b-497f-bd2a-a99fe48a8220":	{
				"$Position":	{
					"$x":	13172,
					"$y":	-2111
				}
			},
			"MaxDensityNode-b8f4472a-5bfa-4391-b82a-c639972e6d77":	{
				"$Position":	{
					"$x":	13184,
					"$y":	-1848
				}
			},
			"SumDensityNode-311e8bcb-710f-4b85-bd9a-6a624cb8db8d":	{
				"$Position":	{
					"$x":	13988,
					"$y":	-1849
				}
			},
			"ConstantDensityNode-0a709cd4-9efc-4d2c-8067-279476c0f94b":	{
				"$Position":	{
					"$x":	14749,
					"$y":	-1846
				}
			},
			"InverterDensityNode-149ebe40-407c-4f5c-b333-5ab5e1fd139e":	{
				"$Position":	{
					"$x":	15039,
					"$y":	-675
				}
			},
			"Exported.Density-f3912bca-4385-4cea-a7e1-1c997be9a4bb":	{
				"$Position":	{
					"$x":	15721,
					"$y":	-682
				}
			},
			"Cache.Density-aeffe057-0b41-4773-b122-2dd3e764fcf8":	{
				"$Position":	{
					"$x":	16467,
					"$y":	-685
				}
			},
			"CellNoise2DDensityNode-5daf8a77-c0b4-405a-85f3-b72886ea6d92":	{
				"$Position":	{
					"$x":	17145,
					"$y":	-688
				}
			},
			"NormalizerDensityNode-9865d8f1-372c-428b-ba81-ab9d2bc0dada":	{
				"$Position":	{
					"$x":	14992,
					"$y":	-192
				}
			},
			"SimplexNoise3DDensityNode-f2655095-6651-4183-a865-7c651f1b8b2b":	{
				"$Position":	{
					"$x":	15700,
					"$y":	-192
				}
			},
			"SumDensityNode-2825dfe6-2ccf-4cff-8ff2-fead1f127674":	{
				"$Position":	{
					"$x":	13988,
					"$y":	665
				}
			},
			"Slider.Density-357d73b1-20ef-4ed1-ae99-d1c7528b6e89":	{
				"$Position":	{
					"$x":	14648,
					"$y":	668
				}
			},
			"CellNoise2DDensityNode-f7f4fad0-bd92-4bae-9459-fe36d566e69d":	{
				"$Position":	{
					"$x":	15314,
					"$y":	666
				}
			},
			"CurveMapper.Density-8c081094-3873-4e2d-a0c4-7151b6f3e3fd":	{
				"$Position":	{
					"$x":	14664,
					"$y":	1025
				}
			},
			"ManualCurve-e6f4a95c-4a08-48a5-b0ba-df8a11cbb148":	{
				"$Position":	{
					"$x":	15323,
					"$y":	1196
				}
			},
			"CurvePoint-3d7f6668-f6dc-436b-8357-28acfbe130e1":	{
				"$Position":	{
					"$x":	15957,
					"$y":	1203
				}
			},
			"CurvePoint-68b0532a-cbfd-4c02-8f18-5dd8bcaeb4e8":	{
				"$Position":	{
					"$x":	15959,
					"$y":	1353
				}
			},
			"CurvePoint-3dd2d2ee-f483-4d40-a5ee-0d721bf1f4f4":	{
				"$Position":	{
					"$x":	15961,
					"$y":	1513
				}
			},
			"SumDensityNode-51908805-8c60-450b-85ff-8deb414b1129":	{
				"$Position":	{
					"$x":	15636,
					"$y":	1038
				}
			},
			"MultiplierDensityNode-82e20bad-079a-460d-8a95-bb2af7e88480":	{
				"$Position":	{
					"$x":	16334,
					"$y":	818
				}
			},
			"ImportedDensityNode-990b7c5d-5e54-48a2-8f07-0dbbd0fb647e":	{
				"$Position":	{
					"$x":	16974,
					"$y":	821
				}
			},
			"ConstantDensityNode-ebd1d394-7912-4351-8387-f2fe6979f6e2":	{
				"$Position":	{
					"$x":	16976,
					"$y":	981
				}
			},
			"YValue.Density-8ffb71e7-718a-4d67-8b8c-ce1bc26edf60":	{
				"$Position":	{
					"$x":	16337,
					"$y":	1032
				}
			},
			"YOverride.Density-e0cf2636-ed53-4f13-aeaa-cf78c5d5a39b":	{
				"$Position":	{
					"$x":	13071,
					"$y":	2703
				}
			},
			"Distance.Density-829ad35e-e04b-4957-a960-0d8662a9059a":	{
				"$Position":	{
					"$x":	13687,
					"$y":	2696
				}
			},
			"ManualCurve-698e4c02-1e41-4e35-b250-f345709c6de0":	{
				"$Position":	{
					"$x":	14446,
					"$y":	2695
				}
			},
			"CurvePoint-99ecceab-408a-4872-a1d1-1c57afc51d40":	{
				"$Position":	{
					"$x":	14661,
					"$y":	2871
				}
			},
			"CurvePoint-3d458ad8-09e4-4a7a-9909-c1d13544aeef":	{
				"$Position":	{
					"$x":	14665,
					"$y":	3051
				}
			},
			"CurvePoint-129c6fc4-3034-40ca-b1ef-796d3e1a13a3":	{
				"$Position":	{
					"$x":	14665,
					"$y":	3214
				}
			},
			"CurvePoint-1f384148-75b8-487c-ba38-ea70e2c18070":	{
				"$Position":	{
					"$x":	14665,
					"$y":	3368
				}
			},
			"CurvePoint-108f5564-ccde-4710-a04f-4bfb30966862":	{
				"$Position":	{
					"$x":	14668,
					"$y":	3529
				}
			},
			"SolidityMaterialProvider-3b59efcc-e14a-4ad7-906f-735490581d40":	{
				"$Position":	{
					"$x":	7284,
					"$y":	8119
				}
			},
			"FieldFunctionMaterialProvider-7896a8a7-9136-41ea-bf0f-17237a6b0b67":	{
				"$Position":	{
					"$x":	8268,
					"$y":	8110
				}
			},
			"ImportedDensityNode-29e1c9f7-8436-4dff-b779-ff2130230157":	{
				"$Position":	{
					"$x":	9048,
					"$y":	8107
				}
			},
			"DelimiterFieldFunctionMP-6dd2dccc-b45a-48cb-addd-18e6eea7c615":	{
				"$Position":	{
					"$x":	9089,
					"$y":	8543
				}
			},
			"FieldFunctionMaterialProvider-a9939ce4-4ba7-4f44-9e0c-763ecd4b3bc4":	{
				"$Position":	{
					"$x":	9530,
					"$y":	8545
				}
			},
			"ImportedDensityNode-3f7f4daa-f652-4dac-97f4-113f813c265b":	{
				"$Position":	{
					"$x":	10313,
					"$y":	8303
				}
			},
			"DelimiterFieldFunctionMP-28f21a3b-6f12-4e99-a9aa-862dfbafc208":	{
				"$Position":	{
					"$x":	10266,
					"$y":	8585
				}
			},
			"ConstantMaterialProvider-3e7273bf-d068-4cea-bc95-7dec71a1cd32":	{
				"$Position":	{
					"$x":	10727,
					"$y":	8586
				}
			},
			"Material-0cb3047e-89fe-4fc8-bf09-84de88577404":	{
				"$Position":	{
					"$x":	11436,
					"$y":	8586
				}
			},
			"DelimiterFieldFunctionMP-a40bff24-42ce-4923-8839-39838fc7c373":	{
				"$Position":	{
					"$x":	10267,
					"$y":	8744
				}
			},
			"FieldFunctionMaterialProvider-e4735c63-cade-4530-9b2d-def8c65f896b":	{
				"$Position":	{
					"$x":	12190,
					"$y":	8745
				}
			},
			"ZOverride.Density-a7a4e8a0-efcf-4e78-a085-6ff07deaedb6":	{
				"$Position":	{
					"$x":	12904,
					"$y":	7789
				}
			},
			"Rotator.Density-bbb43d5c-2e51-4ae6-b8d7-a02b72c8a5a8":	{
				"$Position":	{
					"$x":	13539,
					"$y":	7793
				}
			},
			"Point3D-bf2967a8-25c7-47eb-bd45-1feaaac2af26":	{
				"$Position":	{
					"$x":	14188,
					"$y":	8239
				}
			},
			"SimplexNoise2DDensityNode-ea199d21-1877-4cd1-924c-29d57dae96d4":	{
				"$Position":	{
					"$x":	14219,
					"$y":	7795
				}
			},
			"DelimiterFieldFunctionMP-50422baa-ad32-4a6b-94ce-5d0c46abf484":	{
				"$Position":	{
					"$x":	12937,
					"$y":	8784
				}
			},
			"ConstantMaterialProvider-52b14edb-5328-44bb-acb8-3efc45159ad1":	{
				"$Position":	{
					"$x":	13408,
					"$y":	8781
				}
			},
			"Material-546f4837-e52f-44e8-9d67-f734b00252e6":	{
				"$Position":	{
					"$x":	14103,
					"$y":	8783
				}
			},
			"DelimiterFieldFunctionMP-6cc15479-009b-4e1d-95b0-ddd198a60eb4":	{
				"$Position":	{
					"$x":	12936,
					"$y":	8947
				}
			},
			"ConstantMaterialProvider-21b35b1b-5074-4829-9f24-5145b7f9f7dd":	{
				"$Position":	{
					"$x":	13414,
					"$y":	8948
				}
			},
			"Material-80cd86f4-64c8-43e5-8a69-c4669084173f":	{
				"$Position":	{
					"$x":	14109,
					"$y":	8950
				}
			},
			"DelimiterFieldFunctionMP-beca87f6-105b-446c-9c09-2080a807f7d2":	{
				"$Position":	{
					"$x":	12937,
					"$y":	9115
				}
			},
			"ConstantMaterialProvider-aafd9046-8b69-44fe-8c88-e7b03c74b7fa":	{
				"$Position":	{
					"$x":	13403,
					"$y":	9113
				}
			},
			"Material-02dfb8e3-e22c-4992-979c-baf476503e77":	{
				"$Position":	{
					"$x":	14098,
					"$y":	9115
				}
			},
			"DelimiterFieldFunctionMP-997ba538-7b9c-4836-a214-03e1895aab2f":	{
				"$Position":	{
					"$x":	12940,
					"$y":	9293
				}
			},
			"ConstantMaterialProvider-86a76f3f-7575-42dc-a3d3-35bc1474b9c9":	{
				"$Position":	{
					"$x":	13406,
					"$y":	9291
				}
			},
			"Material-5c4dc01d-b2e2-43f1-88ba-63822369d89e":	{
				"$Position":	{
					"$x":	14101,
					"$y":	9293
				}
			},
			"DelimiterFieldFunctionMP-a18d325d-8d01-4baa-abb6-b24943c85c20":	{
				"$Position":	{
					"$x":	9093,
					"$y":	9267
				}
			},
			"FieldFunctionMaterialProvider-18c735a5-ef50-4f9d-b632-3d7d23f2ef68":	{
				"$Position":	{
					"$x":	9595,
					"$y":	9267
				}
			},
			"ImportedDensityNode-938c5171-3c7d-44f6-abb0-c7e14ac9b74f":	{
				"$Position":	{
					"$x":	10307,
					"$y":	9267
				}
			},
			"DelimiterFieldFunctionMP-98344185-efb2-4241-af40-4103c92c3aac":	{
				"$Position":	{
					"$x":	10346,
					"$y":	9496
				}
			},
			"ConstantMaterialProvider-df1bfcb5-cb64-4f40-9c2b-74d540af4839":	{
				"$Position":	{
					"$x":	10791,
					"$y":	9498
				}
			},
			"Material-cfcd1e39-53a8-4e14-aa65-c1a6b8cd6d9b":	{
				"$Position":	{
					"$x":	11534,
					"$y":	9498
				}
			},
			"DelimiterFieldFunctionMP-a1236ced-e37b-4b7e-a960-2624c28ecd93":	{
				"$Position":	{
					"$x":	10345,
					"$y":	9705
				}
			},
			"ConstantMaterialProvider-ec4fe294-b7af-4fb0-b622-d7bf8aeab24b":	{
				"$Position":	{
					"$x":	10790,
					"$y":	9706
				}
			},
			"Material-0ffd5a87-5164-4e4e-8097-1ae476f72b35":	{
				"$Position":	{
					"$x":	11533,
					"$y":	9706
				}
			},
			"ConstantMaterialProvider-e2e2ee2b-fe35-4b61-8f3c-e2962db00afd":	{
				"$Position":	{
					"$x":	8326,
					"$y":	9761
				}
			},
			"Material-42657934-2ae9-4b57-a53f-bfc380217504":	{
				"$Position":	{
					"$x":	9080,
					"$y":	9758
				}
			},
			"Runtime-a8137220-50bd-44ea-9139-0fea82fdcc4f":	{
				"$Position":	{
					"$x":	2457,
					"$y":	12586
				}
			},
			"Mesh3DPositions-5c474a03-72c2-4b84-98b2-1f86fca19aeb":	{
				"$Position":	{
					"$x":	3650,
					"$y":	12591
				}
			},
			"MeshPointGenerator-8607861e-19a8-43a3-b0ff-9d79bcabd07f":	{
				"$Position":	{
					"$x":	4386,
					"$y":	12591
				}
			},
			"FieldFunction.Assignments-2ed06236-e94b-4085-9ad9-56176b171a90":	{
				"$Position":	{
					"$x":	2991,
					"$y":	13096
				}
			},
			"ImportedDensityNode-9472a645-91ea-40ac-a993-9f0b9c62ebf3":	{
				"$Position":	{
					"$x":	3700,
					"$y":	12908
				}
			},
			"Delimiter.FieldFunction.Assignments-6809e9f0-98b1-4659-8a64-3362e6363edf":	{
				"$Position":	{
					"$x":	3715,
					"$y":	13135
				}
			},
			"Constant.Assignments-c6f0e46a-8e08-4408-b0d6-40b6e9a4fc2f":	{
				"$Position":	{
					"$x":	4212,
					"$y":	13137
				}
			},
			"Prefab.Prop-77506de5-d8d1-4241-b84c-0cf654f9a961":	{
				"$Position":	{
					"$x":	4873,
					"$y":	13138
				}
			},
			"WeightedPath.Prefab.Prop-cdb55ebd-5e8e-4dd1-a1a7-8e39028ab395":	{
				"$Position":	{
					"$x":	5662,
					"$y":	12937
				}
			},
			"Random.Directionality-7c344930-c425-47f1-8297-0da42c9429e4":	{
				"$Position":	{
					"$x":	5683,
					"$y":	13175
				}
			},
			"Offset.Pattern-7dcc45b7-4f3f-4529-87ad-9642a4381be3":	{
				"$Position":	{
					"$x":	6637,
					"$y":	13189
				}
			},
			"Or.Pattern-7309184e-29bb-4719-8e2b-3c85678487e3":	{
				"$Position":	{
					"$x":	7535,
					"$y":	13195
				}
			},
			"Floor.Pattern-9797047f-7239-4bde-a509-f1930d318886":	{
				"$Position":	{
					"$x":	8360,
					"$y":	13195
				}
			},
			"BlockType.Pattern-f18d1b06-d685-497b-a605-f3b1d495656a":	{
				"$Position":	{
					"$x":	9073,
					"$y":	13197
				}
			},
			"Material-d6ad77c7-8edb-413f-b434-732bf34831f1":	{
				"$Position":	{
					"$x":	9758,
					"$y":	13199
				}
			},
			"BlockType.Pattern-b28659b4-282a-4786-a7e2-3ca3bffe051b":	{
				"$Position":	{
					"$x":	9078,
					"$y":	13409
				}
			},
			"Material-7d24090f-92bd-48f6-ad24-4fe03f2ae19a":	{
				"$Position":	{
					"$x":	9756,
					"$y":	13413
				}
			},
			"Wall.Pattern-4f196b23-4c26-44ff-88b5-610fb03a386e":	{
				"$Position":	{
					"$x":	8361,
					"$y":	13694
				}
			},
			"BlockType.Pattern-7eb53072-f318-4c38-a68b-f5b6f046367b":	{
				"$Position":	{
					"$x":	9071,
					"$y":	13692
				}
			},
			"Material-895ea95b-0318-4a50-a088-3c5ebc49db18":	{
				"$Position":	{
					"$x":	9753,
					"$y":	13691
				}
			},
			"BlockType.Pattern-1de0a626-d580-4569-9bda-c4bce5baa28d":	{
				"$Position":	{
					"$x":	9068,
					"$y":	13854
				}
			},
			"Material-be9744a5-a276-45d3-ac51-21c669fb7c74":	{
				"$Position":	{
					"$x":	9759,
					"$y":	13853
				}
			},
			"Point3D-b220664e-28bf-4adb-9056-0e3eba55da91":	{
				"$Position":	{
					"$x":	7303,
					"$y":	13381
				}
			},
			"Area.Scanner-50b873bb-cf68-4553-a663-6d6e62de36b3":	{
				"$Position":	{
					"$x":	5666,
					"$y":	13770
				}
			},
			"Origin.Scanner-7ef26760-65df-45f9-9910-1d98b312559c":	{
				"$Position":	{
					"$x":	6349,
					"$y":	13773
				}
			},
			"BlockMask-3e28a233-8891-4ab4-b475-00ba62f5d844":	{
				"$Position":	{
					"$x":	5677,
					"$y":	14253
				}
			},
			"Rule.BlockMask-55904ca7-d31f-4da0-88c8-2f9e07393c9f":	{
				"$Position":	{
					"$x":	6398,
					"$y":	14495
				}
			},
			"BlockSet.BlockMask-2dafc016-f865-44cc-8c36-f52c63f1ebea":	{
				"$Position":	{
					"$x":	6735,
					"$y":	14497
				}
			},
			"Material-8f2c33d3-970c-43da-97ab-dfa658413625":	{
				"$Position":	{
					"$x":	7276,
					"$y":	14495
				}
			},
			"Material-3a30168e-009b-42d9-9a4c-4f6cfeb822d8":	{
				"$Position":	{
					"$x":	7274,
					"$y":	14651
				}
			},
			"Material-ff1fb2be-ace6-4ec9-adea-9903b7c335df":	{
				"$Position":	{
					"$x":	7281,
					"$y":	14826
				}
			},
			"Material-3f601976-e80c-4c78-a256-a4cfc3d1e365":	{
				"$Position":	{
					"$x":	7281,
					"$y":	14977
				}
			},
			"BlockSet.BlockMask-6db29f3a-e97e-4f7c-a7ee-6862e4615835":	{
				"$Position":	{
					"$x":	6734,
					"$y":	15130
				}
			},
			"Material-510c9d75-faed-4122-8d90-e11341c3d099":	{
				"$Position":	{
					"$x":	7286,
					"$y":	15131
				}
			},
			"Runtime-efe0ded8-0aa9-4dda-b1fa-be1d575dd04b":	{
				"$Position":	{
					"$x":	2430,
					"$y":	15937
				}
			},
			"Mesh2DPositions-6b0e20ec-f7dc-417d-a5c1-6a96d0b03101":	{
				"$Position":	{
					"$x":	3637,
					"$y":	15934
				}
			},
			"MeshPointGenerator-3d4f59f7-ed4c-49c2-a84a-c0c16040abb8":	{
				"$Position":	{
					"$x":	4359,
					"$y":	15942
				}
			},
			"FieldFunction.Assignments-64d32136-9bcf-4f8e-97b4-20ce38af409d":	{
				"$Position":	{
					"$x":	2964,
					"$y":	16447
				}
			},
			"ImportedDensityNode-0b04e256-2550-4631-b9ba-782b1aba5909":	{
				"$Position":	{
					"$x":	3673,
					"$y":	16259
				}
			},
			"Delimiter.FieldFunction.Assignments-90151b00-2e73-4352-afed-f27d4e64ea8f":	{
				"$Position":	{
					"$x":	3688,
					"$y":	16486
				}
			},
			"Constant.Assignments-f0d1e71b-8e70-492d-9d11-5f5269bfb218":	{
				"$Position":	{
					"$x":	4185,
					"$y":	16488
				}
			},
			"Prefab.Prop-918a02d7-80b4-4b9a-bb2c-6b657243af5e":	{
				"$Position":	{
					"$x":	4846,
					"$y":	16489
				}
			},
			"WeightedPath.Prefab.Prop-15e28262-b50d-4af0-99d6-87630d6c078e":	{
				"$Position":	{
					"$x":	5635,
					"$y":	16288
				}
			},
			"Random.Directionality-cdb84635-8314-4aca-9a8d-f55ff1a75cc3":	{
				"$Position":	{
					"$x":	5656,
					"$y":	16526
				}
			},
			"Offset.Pattern-f18e4470-4bde-4bc9-8802-99e6389f75c6":	{
				"$Position":	{
					"$x":	6440,
					"$y":	16524
				}
			},
			"Floor.Pattern-e355a862-12b2-4fe1-979f-348bebf80247":	{
				"$Position":	{
					"$x":	7112,
					"$y":	16523
				}
			},
			"BlockType.Pattern-e9b81071-5b49-4036-9430-4d909c4be127":	{
				"$Position":	{
					"$x":	7825,
					"$y":	16525
				}
			},
			"Material-71e1a934-fb88-4938-bf81-8bb015b80aa9":	{
				"$Position":	{
					"$x":	8510,
					"$y":	16527
				}
			},
			"BlockType.Pattern-77ddf953-b9d6-4841-8439-9a24715e48e1":	{
				"$Position":	{
					"$x":	7830,
					"$y":	16737
				}
			},
			"Material-67ca64bc-b76f-419d-a0a6-bb4dfa3368e8":	{
				"$Position":	{
					"$x":	8508,
					"$y":	16741
				}
			},
			"Point3D-51a2295d-1903-485a-a7cd-8780c1ceee09":	{
				"$Position":	{
					"$x":	7106,
					"$y":	16716
				}
			},
			"ColumnLinear.Scanner-b0545007-03c5-4f03-aff9-01ff1ca9e9f7":	{
				"$Position":	{
					"$x":	5657,
					"$y":	16705
				}
			},
			"BlockMask-1a7f19e3-796e-45c4-bd1c-a835f0bc58b1":	{
				"$Position":	{
					"$x":	5646,
					"$y":	17133
				}
			},
			"Rule.BlockMask-bae49f93-3028-4ef9-8baf-569da02a3136":	{
				"$Position":	{
					"$x":	6367,
					"$y":	17375
				}
			},
			"BlockSet.BlockMask-1f649004-072b-43a7-81a0-820f100faecd":	{
				"$Position":	{
					"$x":	6704,
					"$y":	17377
				}
			},
			"Material-bc2fa8f4-c7c3-4f23-93eb-1b278213edfa":	{
				"$Position":	{
					"$x":	7245,
					"$y":	17375
				}
			},
			"Material-8ac845d9-32a7-42c4-beb5-65f1238e8908":	{
				"$Position":	{
					"$x":	7243,
					"$y":	17531
				}
			},
			"Material-b88c6806-0194-4b0e-9698-734fa85bf10a":	{
				"$Position":	{
					"$x":	7250,
					"$y":	17706
				}
			},
			"Material-e83aad32-c96b-4134-9779-f512048d947a":	{
				"$Position":	{
					"$x":	7250,
					"$y":	17857
				}
			},
			"BlockSet.BlockMask-de832ecb-f4bb-4bbb-a124-44ec9a8b28c9":	{
				"$Position":	{
					"$x":	6703,
					"$y":	18010
				}
			},
			"Material-969e1ab1-bcdf-4307-bd20-0726f0cc1948":	{
				"$Position":	{
					"$x":	7255,
					"$y":	18011
				}
			},
			"Runtime-712ba8c5-ad24-42e7-8fa4-7a5bbbc0a094":	{
				"$Position":	{
					"$x":	2179,
					"$y":	18976
				}
			},
			"Mesh3DPositions-02eca689-d6fc-4468-be0d-677065495284":	{
				"$Position":	{
					"$x":	3372,
					"$y":	18981
				}
			},
			"MeshPointGenerator-c11e0a54-a72d-4f1d-a8aa-d3c6c89d5978":	{
				"$Position":	{
					"$x":	4108,
					"$y":	18981
				}
			},
			"FieldFunction.Assignments-ea968f91-80dd-415d-8261-51f3c1dc8ba1":	{
				"$Position":	{
					"$x":	2713,
					"$y":	19486
				}
			},
			"ImportedDensityNode-8d0e648d-ed7b-4864-862d-5c3c59445c55":	{
				"$Position":	{
					"$x":	3422,
					"$y":	19298
				}
			},
			"Delimiter.FieldFunction.Assignments-36213b5a-06f3-45dc-8e08-15a2d4cd214b":	{
				"$Position":	{
					"$x":	3437,
					"$y":	19525
				}
			},
			"Constant.Assignments-a7321005-2d9f-40cd-a160-772c1c724554":	{
				"$Position":	{
					"$x":	3934,
					"$y":	19527
				}
			},
			"Prefab.Prop-ec0f2dec-6a8a-4322-8508-3269d70ce510":	{
				"$Position":	{
					"$x":	4595,
					"$y":	19528
				}
			},
			"WeightedPath.Prefab.Prop-f49618a8-71c6-4d48-8548-e53dc5d41b9c":	{
				"$Position":	{
					"$x":	5384,
					"$y":	19327
				}
			},
			"Random.Directionality-0aa41070-ebe9-4658-b9da-7b682c3f986f":	{
				"$Position":	{
					"$x":	5405,
					"$y":	19565
				}
			},
			"Offset.Pattern-c1298309-bc33-481f-b5a2-3be70b44cd2f":	{
				"$Position":	{
					"$x":	6189,
					"$y":	19563
				}
			},
			"Floor.Pattern-496caa24-bb26-4464-8618-e8e45a46010b":	{
				"$Position":	{
					"$x":	6861,
					"$y":	19562
				}
			},
			"BlockType.Pattern-2d3d8c0e-ef20-4553-afdf-0996403430f3":	{
				"$Position":	{
					"$x":	7574,
					"$y":	19564
				}
			},
			"Material-9f16334a-4321-4a38-a7ce-069537f1ff9d":	{
				"$Position":	{
					"$x":	8259,
					"$y":	19566
				}
			},
			"BlockType.Pattern-d88b6879-608f-4641-80b8-832baa15e748":	{
				"$Position":	{
					"$x":	7579,
					"$y":	19776
				}
			},
			"Material-ee1db765-509e-42e0-8337-effa08814664":	{
				"$Position":	{
					"$x":	8257,
					"$y":	19780
				}
			},
			"Point3D-bc9cd5f0-90ab-47d7-82bc-2ced8872b816":	{
				"$Position":	{
					"$x":	6855,
					"$y":	19755
				}
			},
			"ColumnLinear.Scanner-903c2aa8-4660-4df2-a48b-1ee917920e74":	{
				"$Position":	{
					"$x":	5406,
					"$y":	19744
				}
			},
			"BlockMask-045de765-d3a8-4b14-b6f1-3d9a295df65b":	{
				"$Position":	{
					"$x":	5395,
					"$y":	20172
				}
			},
			"Rule.BlockMask-c2d0ee5f-ff19-401c-ad0b-6a56f720dcc8":	{
				"$Position":	{
					"$x":	6116,
					"$y":	20414
				}
			},
			"BlockSet.BlockMask-87a39891-8e42-4459-b662-c5dd8dea34bb":	{
				"$Position":	{
					"$x":	6453,
					"$y":	20416
				}
			},
			"Material-b7530dd3-5e17-4d90-bd63-2fe912178535":	{
				"$Position":	{
					"$x":	6994,
					"$y":	20414
				}
			},
			"Material-fd095b0d-3993-4883-85e2-7328998f1ab1":	{
				"$Position":	{
					"$x":	6992,
					"$y":	20570
				}
			},
			"Material-7719529f-7ef8-4dcb-97b1-9f70fa6f641a":	{
				"$Position":	{
					"$x":	6999,
					"$y":	20745
				}
			},
			"Material-317fa11d-b07b-4080-a4ea-60a87d88f1a6":	{
				"$Position":	{
					"$x":	6999,
					"$y":	20896
				}
			},
			"BlockSet.BlockMask-5d0e8950-83c3-45ee-a761-41f17b284949":	{
				"$Position":	{
					"$x":	6452,
					"$y":	21049
				}
			},
			"Material-2c3953a1-ee88-489b-b96b-24e3e1b4ef48":	{
				"$Position":	{
					"$x":	7004,
					"$y":	21050
				}
			},
			"Constant.EnvironmentProvider-dcdcdab4-5501-4624-bfe6-10c7e0c241e5":	{
				"$Position":	{
					"$x":	1,
					"$y":	663
				}
			}
		},
		"$FloatingNodes":	[],
		"$Links":	{
		},
		"$Groups":	[],
		"$Comments":	[],
		"$WorkspaceID":	"HytaleGenerator - Biome"
	}
}