{
  "TranslationProperties": {
    "Description": "server.items.PortalKey_CityMachine.description",
    "Name": "Fragment - City of the machine"
  },
  "Icon": "Icons/ItemsGenerated/PortalKey_Howling_Sands.png",
  "Categories": [
    "Blocks.Portals"
  ],
  "PortalKey": {
    "PortalType": "PortalType_CityMachine",
    "TimeLimitSeconds": 1200
  },
  "BlockType": {
    "DrawType": "Model",
    "Material": "Solid",
    "Opacity": "Transparent",
    "CustomModel": "Blocks/Miscellaneous/Portal_Shard.blockymodel",
    "CustomModelTexture": [
      {
        "Texture": "Blocks/Miscellaneous/Portal_Shard_Texture.png",
        "Weight": 1
      }
    ]
  },
  "PlayerAnimationsId": "Item",
  "Tags": {
    "Type": [
      "Portal",
      "Temporary"
    ]
  },
  "ItemLevel": 51,
  "IconProperties": {
    "Scale": 1.4,
    "Rotation": [
      22.5,
      137.0,
      22.5
    ],
    "Translation": [
      0.0,
      1.0
    ]
  },
  "Recipe": {
    "TimeSeconds": 1,
    "RequiredMemoriesLevel": 5,
    "Input": [
      {
        "ItemId": "Ingredient_Bar_Iron",
        "Quantity": 25
      },
      {
        "Quantity": 15,
        "ItemId": "Ingredient_Crystal_Cyan"
      }
    ],
    "BenchRequirement": [
      {
        "Id": "Arcanebench",
        "Categories": [
          "Arcane_Portals"
        ]
      }
    ]
  },
  "Quality": "Uncommon"
}
