{
  "TranslationProperties": {
    "Name": "server.items.Rock_Shale_Cobble_Beam.name"
  },
  "Icon": "Icons/ItemsGenerated/Rock_Shale_Cobble_Beam.png",
  "Set": "Rock_Shale_Cobble",
  "Recipe": {
    "Input": [
      {
        "Quantity": 1,
        "ResourceTypeId": "Rock_Shale"
      }
    ],
    "BenchRequirement": [
      {
        "Id": "Builders",
        "Type": "StructuralCrafting",
        "Categories": [
          "Beam"
        ]
      }
    ],
    "OutputQuantity": 2,
    "TimeSeconds": 0
  },
  "BlockType": {
    "CustomModelTexture": [
      {
        "Texture": "BlockTextures/MetalConcrete.png",
        "Weight": 1
      }
    ],
    "Gathering": {
      "Breaking": {
        "GatherType": "Rocks"
      }
    },
    "ParticleColor": "#2d3d42"
  },
  "Tags": {
    "Type": [
      "Rock"
    ],
    "Family": [
      "Shale"
    ]
  },
  "Parent": "Rock_Stone_Cobble_Beam"
}
