{
  "TranslationProperties": {
    "Name": "server.items.Rock_Shale_Cobble_Half.name"
  },
  "Icon": "Icons/ItemsGenerated/MetalPlateHalf.png",
  "Categories": [
    "Blocks.Rocks"
  ],
  "Interactions": {
    "Secondary": {
      "Interactions": [
        {
          "Parent": "Half_Block",
          "Matchers": [
            {
              "Block": {
                "Id": "Rock_Shale_Cobble_Half",
                "State": "default"
              },
              "Face": "Up",
              "StaticFace": false
            }
          ]
        }
      ],
      "Cooldown": {
        "Id": "BlockInteraction",
        "Cooldown": 0.3,
        "ClickBypass": true
      },
      "Settings": {
        "Creative": {
          "AllowSkipChainOnClick": true
        }
      }
    }
  },
  "Set": "Rock_Shale_Cobble",
  "Recipe": {
    "Input": [
      {
        "Quantity": 1,
        "ResourceTypeId": "Rock_Shale"
      }
    ],
    "BenchRequirement": [
      {
        "Id": "Builders",
        "Type": "StructuralCrafting",
        "Categories": [
          "HalfSlab"
        ]
      }
    ],
    "OutputQuantity": 2,
    "TimeSeconds": 0
  },
  "BlockType": {
    "CustomModelTexture": [
      {
        "Texture": "BlockTextures/MetalPlateSmall.png",
        "Weight": 1
      }
    ],
    "Gathering": {
      "Breaking": {
        "GatherType": "Rocks"
      }
    },
    "State": {
      "Definitions": {
        "Block": {
          "Material": "Solid",
          "DrawType": "Cube",
          "HitboxType": "Full",
          "Textures": [
            {
              "All": "BlockTextures/Rock_Shale_Cobble.png",
              "Weight": 1
            }
          ],
          "Supporting": {
            "BlockSides": [
              {}
            ]
          }
        }
      }
    },
    "ParticleColor": "#2d3d42"
  },
  "Tags": {
    "Type": [
      "Rock"
    ],
    "Family": [
      "Shale"
    ]
  },
  "Parent": "Rock_Stone_Cobble_Half",
  "IconProperties": {
    "Scale": 0.58823,
    "Rotation": [
      22.5,
      45,
      22.5
    ],
    "Translation": [
      0,
      -13.5
    ]
  }
}
