{
  "TranslationProperties": {
    "Name": "server.SkyRock.name"
  },
  "MaxStack": 100,
  "Icon": "Icons/ItemsGenerated/NeonBlockGreen.png",
  "Categories": [
    "Blocks.Rocks"
  ],
  "PlayerAnimationsId": "Block",
  "Set": "Rock_Stone",
  "BlockType": {
    "Material": "Solid",
    "DrawType": "Cube",
    "Group": "Stone",
    "Flags": {},
    "Gathering": {
      "Breaking": {
        "GatherType": "Rocks"
      }
    },
    "BlockParticleSetId": "Stone",
    "Textures": [
      {
        "All": "BlockTextures/NeonBlockGreen.png"
      }
    ],
    "ParticleColor": "#aeae8c",
    "BlockSoundSetId": "Stone",
    "BlockBreakingDecalId": "Breaking_Decals_Rock",
    "Light": {
      "Color": "#bd5",
      "Radius": 0
    },
    "CubeShadingMode": "Fullbright",
    "Opacity": "Solid",
    "RequiresAlphaBlending": false,
    "CustomModelTexture": [
      {}
    ]
  },
  "ResourceTypes": [
    {
      "Id": "Rock"
    }
  ],
  "IconProperties": {
    "Scale": 0.58823,
    "Rotation": [
      22.5,
      45,
      22.5
    ],
    "Translation": [
      0,
      -13.5
    ]
  }
}
